neuro_author_s,title,journal,doi,pmid,date_not_actual,is_open_access,oa_type,oa_version,url_to_oa_version
Tariq Al-Saadi,Anti-Epileptic Drugs in Geriatric Neurosurgery: A Review of 669 Neurosurgical Cases.,Journal of epilepsy research,10.14581/jer.22005,35910329,2022-08-02,True,gold,publishedVersion,https://www.j-epilepsy.org/upload/jer-22005.pdf
Ziv Gan-Or,Effect modification between genes and environment[comma] and Parkinson's disease risk.,Annals of neurology,10.1002/ana.26467,35913124,2022-08-02,False,closed,none,none
Golia Shafiei; Sylvain Baillet; Bratislav Misic,Human electromagnetic and haemodynamic networks systematically converge in unimodal cortex and diverge in transmodal cortex.,PLoS biology,10.1371/journal.pbio.3001735,35914002,2022-08-02,True,gold,publishedVersion,https://journals.plos.org/plosbiology/article/file?id=10.1371/journal.pbio.3001735&type=printable
Jack J Collier,Novel ,Life science alliance,10.26508/lsa.202101284,35914810,2022-08-02,True,gold,publishedVersion,https://www.life-science-alliance.org/content/lsa/5/12/e202101284.full.pdf
Guy Rouleau,Brain health as a global priority[comma] view from WHO: Editorial from the World Federation of Neurology.,Journal of the neurological sciences,10.1016/j.jns.2022.120337,35908303,2022-08-01,False,closed,none,none
Alan Evans; Boris Bernhardt,Closing the mechanistic gap: the value of microarchitecture in understanding cognitive networks.,Trends in cognitive sciences,10.1016/j.tics.2022.07.001,35909021,2022-08-01,True,hybrid,publishedVersion,http://www.cell.com/article/S1364661322001589/pdf
Jean-Paul Soucy; Sylvia Villeneuve,Association of Elevated Amyloid and Tau Positron Emission Tomography Signal With Near-Term Development of Alzheimer Disease Symptoms in Older Adults Without Cognitive Impairment.,JAMA neurology,10.1001/jamaneurol.2022.2379,35907254,2022-07-31,False,closed,none,none
Vanessa Omana,Toward in vivo proof of binding of ,EJNMMI research,10.1186/s13550-022-00915-w,35907096,2022-07-31,True,gold,publishedVersion,https://ejnmmires.springeropen.com/track/pdf/10.1186/s13550-022-00915-w
Giovanni Pellegrino; Eliane Kobayashi,Stimulation with acoustic white noise enhances motor excitability and sensorimotor integration.,Scientific reports,10.1038/s41598-022-17055-9,35907889,2022-07-31,True,gold,publishedVersion,https://www.nature.com/articles/s41598-022-17055-9.pdf
Afiqah Yusuf; Mandy Steiman; Miriam Gonzalez; Mayada Elsabbagh,Factors associated with resilience among children and youths with disability during the COVID-19 pandemic.,PloS one,10.1371/journal.pone.0271229,35905110,2022-07-30,True,gold,publishedVersion,https://journals.plos.org/plosone/article/file?id=10.1371/journal.pone.0271229&type=printable
John D Lewis,Effect of number of diffusion encoding directions in Diffusion Metrics of 5-year-olds using Tract-Based Spatial Statistical analysis.,The European journal of neuroscience,10.1111/ejn.15785,35904522,2022-07-30,False,closed,none,none
Ian J Tagge; Ilana R Leppert; Dumitru Fetco; Jennifer Sw Campbell; David A Rudko; Robert A Brown; Paul S Giacomini; Douglas L Arnold; Sridar Narayanan,Permanent tissue damage in multiple sclerosis lesions is associated with reduced pre-lesion myelin and axon volume fractions.,Multiple sclerosis (Houndmills[comma] Basingstoke[comma] England),10.1177/13524585221110585,35903888,2022-07-30,False,closed,none,none
Konstantin Senkevich,methoidNeurofilament light levels predict clinical progression and death in multiple system atrophy.,Brain : a journal of neurology,10.1093/brain/awac253,35903017,2022-07-30,False,closed,none,none
Katie M Lavigne,Episodic Memory and Schizophrenia: From Characterization of Relational Memory Impairments to Neuroimaging Biomarkers.,Current topics in behavioral neurosciences,10.1007/7854_2022_379,35902545,2022-07-29,False,closed,none,none
Mari J Aaltonen; Eric A Shoubridge,SPTLC1 variants associated with ALS produce distinct sphingolipid signatures through impaired interaction with ORMDL proteins.,The Journal of clinical investigation,10.1172/JCI161908,35900868,2022-07-29,True,gold,publishedVersion,http://www.jci.org/articles/view/161908/files/pdf
Andrea Soumbasis; Mohamed A Eldeeb,A molecular dialogue between local translation and mitochondria: powering mitophagy in axons.,Molecular biology reports,10.1007/s11033-022-07708-3,35902447,2022-07-29,False,closed,none,none
Danilo Bzdok,A parsimonious description of global functional brain organization in three spatiotemporal patterns.,Nature neuroscience,10.1038/s41593-022-01118-1,35902649,2022-07-29,False,closed,none,none
Sara Larivière; Jessica Royer; Raúl Rodríguez-Cruces; Andrea Bernasconi; Neda Bernasconi; Boris C Bernhardt,Structural network alterations in focal and generalized epilepsy assessed in a worldwide ENIGMA study follow axes of epilepsy risk gene expression.,Nature communications,10.1038/s41467-022-31730-5,35896547,2022-07-28,True,gold,publishedVersion,https://www.nature.com/articles/s41467-022-31730-5.pdf
Jason Karamchandani; Erin O'Ferrall,Capillary pathology with prominent basement membrane reduplication is the hallmark histopathological feature of scleromyositis.,Neuropathology and applied neurobiology,10.1111/nan.12840,35894636,2022-07-28,False,closed,none,none
Mina Motasaddizarandy,Silastic Electrode Positioner Extrusion as a Late Complication of Cochlear Implantation Surgery.,The journal of international advanced otology,10.5152/iao.2022.21391,35894535,2022-07-28,False,closed,none,none
Uku Vainik; Alan Evans; Budhachandra Khundrakpam,Educational attainment polygenic scores[comma] socioeconomic factors[comma] and cortical structure in children and adolescents.,Human brain mapping,10.1002/hbm.26034,35894163,2022-07-28,True,gold,publishedVersion,https://onlinelibrary.wiley.com/doi/pdfdirect/10.1002/hbm.26034
Jorge Bosch-Bayard,Relation of Brain Perfusion Patterns to Sudden Unexpected Death Risk Stratification: A Study in Drug Resistant Focal Epilepsy.,Behavioral sciences (Basel[comma] Switzerland),10.3390/bs12070207,35877277,2022-07-26,True,gold,publishedVersion,https://www.mdpi.com/2076-328X/12/7/207/pdf?version=1657173910
Guy Rouleau,Brain health for all on World Brain Day 2022.,The Lancet. Neurology,10.1016/S1474-4422(22)00295-2,35878622,2022-07-26,True,bronze,publishedVersion,http://www.thelancet.com/article/S1474442222002952/pdf
Mayada Elsabbagh,Developmental cascades between insistence on sameness behaviour and anxiety symptoms in autism spectrum disorder.,European child & adolescent psychiatry,10.1007/s00787-022-02049-9,35871413,2022-07-25,False,closed,none,none
Alan C Evans; Lesley K Fellows; R Nathan Spreng; Georg Northoff; Danilo Bzdok,From Precision Medicine to Precision Convergence for Multilevel Resilience-The Aging Brain and Its Social Isolation.,Frontiers in public health,10.3389/fpubh.2022.720117,35865245,2022-07-23,True,gold,publishedVersion,https://www.frontiersin.org/articles/10.3389/fpubh.2022.720117/pdf
Véronique Latreille; Katharina Schiller; Laure Peter-Derex; Birgit Frauscher,Does epileptic activity impair sleep-related memory consolidation in epilepsy? A critical and systematic review.,Journal of clinical sleep medicine : JCSM : official publication of the American Academy of Sleep Medicine,10.5664/jcsm.10166,35866226,2022-07-23,False,closed,none,none
Wayne Sossin,The evolution of synaptic and cognitive capacity: Insights from the nervous system transcriptome of ,Proceedings of the National Academy of Sciences of the United States of America,10.1073/pnas.2122301119,35867761,2022-07-23,False,closed,none,none
Kristiana Salmon; Jay P Ross; Vanessa Bertone; Maria Gobbo; Jason Karamchandani; Patrick A Dion; Guy A Rouleau; Angela Genge,The value of testing for ATXN2 intermediate repeat expansions in routine clinical practice for amyotrophic lateral sclerosis.,European journal of human genetics : EJHG,10.1038/s41431-022-01146-2,35864146,2022-07-22,True,hybrid,publishedVersion,https://www.nature.com/articles/s41431-022-01146-2.pdf
Armin Bayati; Emily Banks; Chanshuai Han; Wen Luo; Wolfgang E Reintsch; Cornelia E Zorca; Irina Shlaifer; Esther Del Cid Pellitero; Heidi M McBride; Edward A Fon; Thomas M Durcan; Peter S McPherson,Rapid macropinocytic transfer of α-synuclein to lysosomes.,Cell reports,10.1016/j.celrep.2022.111102,35858558,2022-07-21,True,gold,publishedVersion,http://www.cell.com/article/S2211124722009044/pdf
Alex I Wiesman,Convergent and divergent oscillatory aberrations during visuospatial processing in HIV-related cognitive impairment and Alzheimer's disease.,Cerebral cortex (New York[comma] N.Y. : 1991),10.1093/cercor/bhac268,35855581,2022-07-21,False,closed,none,none
Joshua Bierbrier; Houssem-Eddine Gueziri; D Louis Collins,Estimating medical image registration error and confidence: A taxonomy and scoping review.,Medical image analysis,10.1016/j.media.2022.102531,35858506,2022-07-21,DOI not found by Unpaywall., , , 
Tharick A Pascoal; Mira Chamoun; Monica Shin; Kok Pin Ng; Min Su Kang; Sulantha Mathotaarachchi; Andrea L Benedet; Joseph Therriault; Firoza Z Lussier; Robert Hopewell; Melissa Savard; Emilie Thomas; Sara Mohaddes; Jean-Paul Soucy; Gassan Massarweh; Eliane Kobayashi; Marie-Christine Guiot; Serge Gauthier; Pedro Rosa-Neto,[,Nature communications,10.1038/s41467-022-30653-5,35853847,2022-07-20,True,gold,publishedVersion,https://www.nature.com/articles/s41467-022-30653-5.pdf
Maryam Oskoui,Emerging therapies for Duchenne muscular dystrophy.,The Lancet. Neurology,10.1016/S1474-4422(22)00125-9,35850122,2022-07-20,False,closed,none,none
Jorge Bosch-Bayard; Pedro A Valdes-Sosa,The Effect of Neuroepo on Cognition in Parkinson's Disease Patients Is Mediated by Electroencephalogram Source Activity.,Frontiers in neuroscience,10.3389/fnins.2022.841428,35844232,2022-07-19,True,gold,publishedVersion,https://www.frontiersin.org/articles/10.3389/fnins.2022.841428/pdf
Amir Shmuel,Evidence suggesting common mechanisms underlie contralateral and ipsilateral negative BOLD responses in human visual cortex.,NeuroImage,10.1016/j.neuroimage.2022.119440,35842097,2022-07-17,True,gold,publishedVersion,https://doi.org/10.1016/j.neuroimage.2022.119440
Ziv Gan-Or,17q21.31 sub-haplotypes underlying H1-associated risk for Parkinson's disease are associated with LRRC37A/2 expression in astrocytes.,Molecular neurodegeneration,10.1186/s13024-022-00551-x,35841044,2022-07-16,True,gold,publishedVersion,https://molecularneurodegeneration.biomedcentral.com/track/pdf/10.1186/s13024-022-00551-x
Satoru Ikemoto; Nicolás von Ellenrieder; Jean Gotman,EEG-fMRI of epileptiform discharges: non-invasive investigation of the whole brain.,Epilepsia,10.1111/epi.17364,35822919,2022-07-14,False,closed,none,none
Alex I Wiesman,Signatures of somatosensory cortical dysfunction in Alzheimer's disease and HIV-associated neurocognitive disorder.,Brain communications,10.1093/braincomms/fcac169,35813878,2022-07-12,True,gold,publishedVersion,https://academic.oup.com/braincomms/advance-article-pdf/doi/10.1093/braincomms/fcac169/44226037/fcac169.pdf
Guy A Rouleau,Correction: Combining schizophrenia and depression polygenic risk scores improves the genetic prediction of lithium response in bipolar disorder patients.,Translational psychiatry,10.1038/s41398-022-02037-2,35817769,2022-07-12,True,gold,publishedVersion,https://www.nature.com/articles/s41398-022-02037-2.pdf
Tariq Al-Saadi,Predicting Patients at Risk for Prolonged Hospital Stays Following Pediatrics Traumatic Head Injuries in High Income Developing Country: A retrospective Cohort Study.,World neurosurgery,10.1016/j.wneu.2022.07.004,35817350,2022-07-12,False,closed,none,none
Thomas Goiran; Mohamed A Eldeeb; Cornelia E Zorca; Edward A Fon,Hallmarks and Molecular Tools for the Study of Mitophagy in Parkinson's Disease.,Cells,10.3390/cells11132097,35805181,2022-07-10,True,gold,publishedVersion,https://www.mdpi.com/2073-4409/11/13/2097/pdf?version=1656753745
Danilo Bzdok,Association of Stroke Lesion Pattern and White Matter Hyperintensity Burden With Stroke Severity and Outcome.,Neurology,10.1212/WNL.0000000000200926,35803717,2022-07-09,False,closed,none,none
Bernard Brais,An Exploratory Survey on the Care for Ataxic Patients in the American Continents and the Caribbean.,Cerebellum (London[comma] England),10.1007/s12311-022-01442-z,35796998,2022-07-08,False,closed,none,none
Imane Frouni; Woojin Kang; Dominique Bédard; Sébastien Belliveau; Cynthia Kwan; Shadi Hadj-Youssef; Élodie Bourgeois-Cayer; Adjia Hamadjida; Philippe Huot,Effect of glycine transporter 1 inhibition with bitopertin on parkinsonism and L-DOPA induced dyskinesia in the 6-OHDA-lesioned rat.,European journal of pharmacology,10.1016/j.ejphar.2022.175090,35780824,2022-07-06,False,closed,none,none
Jennifer Novek; Trisanna Sprung-Much; Erika Nolan; Michael Petrides,Optimal blocking of the cerebral cortex for cytoarchitectonic examination: a neuronavigation-based approach.,Cerebral cortex (New York[comma] N.Y. : 1991),10.1093/cercor/bhac236,35780434,2022-07-04,False,closed,none,none
Katharina Schiller; Tamir Avigdor; Chifaou Abdallah; Viviane Sziklas; Joelle Crane; Birgit Frauscher,Focal epilepsy disrupts spindle structure and function.,Scientific reports,10.1038/s41598-022-15147-0,35778434,2022-07-02,True,gold,publishedVersion,https://www.nature.com/articles/s41598-022-15147-0.pdf
Danilo Bzdok,From YouTube to the brain: Transfer learning can improve brain-imaging predictions with deep learning.,Neural networks : the official journal of the International Neural Network Society,10.1016/j.neunet.2022.06.014,35777174,2022-07-02,True,green,submittedVersion,http://escholarship.mcgill.ca/downloads/f1881s061
Nathalie Marcal; Timothy E Kennedy,Modulation of DNA methylation and protein expression in the prefrontal cortex by repeated administration of D-lysergic acid diethylamide (LSD): Impact on neurotropic[comma] neurotrophic[comma] and neuroplasticity signaling.,Progress in neuro-psychopharmacology & biological psychiatry,10.1016/j.pnpbp.2022.110594,35777526,2022-07-02,False,closed,none,none
Joshua A Sonnen,Autopsy Human Brain Dissection Protocol for Common Age-Related Neurodegenerative Disorders.,Methods in molecular biology (Clifton[comma] N.J.),10.1007/978-1-0716-2409-8_16,35776357,2022-07-02,False,closed,none,none
Bo-Yong Park; Casey Paquola; Oualid Benkarim; Bratislav Mišić; Boris C Bernhardt,Adolescent development of multiscale structural wiring and functional interactions in the human connectome.,Proceedings of the National Academy of Sciences of the United States of America,10.1073/pnas.2116673119,35776541,2022-07-02,False,closed,none,none
Chifaou Abdallah,Naming impairments evoked by focal cortical electrical stimulation in the ventral temporal cortex correlate with increased functional connectivity.,Neurophysiologie clinique = Clinical neurophysiology,10.1016/j.neucli.2022.06.002,35777988,2022-07-02,True,hybrid,publishedVersion,https://doi.org/10.1016/j.neucli.2022.06.002
Maryam Oskoui,Prevalence and temporal trends of cerebral palsy in children born from 2002 to 2017 in Ontario[comma] Canada: Population-based cohort study.,Developmental medicine and child neurology,10.1111/dmcn.15324,35771681,2022-07-01,False,closed,none,none
Jean Gotman; Nicolás von Ellenrieder; Birgit Frauscher,Protocol for multicentre comparison of interictal high-frequency oscillations as a predictor of seizure freedom.,Brain communications,10.1093/braincomms/fcac151,35770134,2022-07-01,DOI not found by Unpaywall., , , 
Douglas L Arnold,Long-term safety and efficacy of ozanimod in relapsing multiple sclerosis: Up to 5 years of follow-up in the DAYBREAK open-label extension trial.,Multiple sclerosis (Houndmills[comma] Basingstoke[comma] England),10.1177/13524585221102584,35765217,2022-06-30,True,hybrid,publishedVersion,https://journals.sagepub.com/doi/pdf/10.1177/13524585221102584
Michael Shevell; Maryam Oskoui,Development and Validation of a Prediction Model for Perinatal Arterial Ischemic Stroke in Term Neonates.,JAMA network open,10.1001/jamanetworkopen.2022.19203,35767262,2022-06-30,DOI not found by Unpaywall., , , 
Cassandra Morrison; Sylvia Villeneuve; D Louis Collins,White matter lesions may be an early marker for age-related cognitive decline.,NeuroImage. Clinical,10.1016/j.nicl.2022.103096,35764028,2022-06-29,True,gold,publishedVersion,https://doi.org/10.1016/j.nicl.2022.103096
Yashar Zeighami; Alain Dagher; Alan Evans,Impact of Weight Loss on Brain Age: Improved Brain Health Following Bariatric Surgery.,NeuroImage,10.1016/j.neuroimage.2022.119415,35760293,2022-06-28,True,gold,publishedVersion,https://doi.org/10.1016/j.neuroimage.2022.119415
Philippe Huot,Evaluation of the effects of the mGlu,Pharmacological reports : PR,10.1007/s43440-022-00378-9,35761013,2022-06-28,DOI not found by Unpaywall., , , 
Vladimir S Fonov,Increased brain volumetric measurement precision from multi-site 3D T1-weighted 3 T magnetic resonance imaging by correcting geometric distortions.,Magnetic resonance imaging,10.1016/j.mri.2022.06.005,35753643,2022-06-27,True,green,submittedVersion,https://doi.org/10.1101/2021.11.29.469919
Raymundo Cassani,Modulation Spectral Signal Representation for Quality Measurement and Enhancement of Wearable Device Data: A Technical Note.,Sensors (Basel[comma] Switzerland),10.3390/s22124579,35746361,2022-06-25,True,gold,publishedVersion,https://www.mdpi.com/1424-8220/22/12/4579/pdf?version=1655458157
Moein Yaqubi; Julia Xiao Xuan Luo; Salma Baig; Qiao-Ling Cui; Kevin Petrecca; Elia Afanasiev; Jeffery A Hall; Miltiadis Georgiopoulos; Joshua A Sonnen; Luke M Healy; Jo Anne Stratton; Timothy E Kennedy; Jack P Antel,Regional and age-related diversity of human mature oligodendrocytes.,Glia,10.1002/glia.24230,35735919,2022-06-24,False,closed,none,none
Raul Rodriguez-Cruces; Jessica Royer; Sara Larivière; Boris C Bernhardt,Multimodal connectome biomarkers of cognitive and affective dysfunction in the common epilepsies.,Network neuroscience (Cambridge[comma] Mass.),10.1162/netn_a_00237,35733426,2022-06-24,True,gold,publishedVersion,https://direct.mit.edu/netn/article-pdf/6/2/320/2028100/netn_a_00237.pdf
Tariq Al-Saadi,"Letter to the Editor: ""Selection of Neurosurgical Applicants in High-Income Developing Countries: A Pilot Study from the Gulf Cooperation Council Countries"".",World neurosurgery,10.1016/j.wneu.2022.04.069,35729808,2022-06-23,False,closed,none,none
Aiden Reich,Artificial Neural Network Approach to Competency-Based Training Using a Virtual Reality Neurosurgical Simulation.,Operative neurosurgery (Hagerstown[comma] Md.),10.1227/ons.0000000000000173,35726927,2022-06-22,False,closed,none,none
Alain Dagher; Matthias Kirschner,Cerebellar and cortico-striatal-midbrain contributions to reward-cognition processes and apathy within the psychosis continuum.,Schizophrenia research,10.1016/j.schres.2022.06.010,35728420,2022-06-22,True,hybrid,publishedVersion,https://doi.org/10.1016/j.schres.2022.06.010
Latifa Lazzouni; Julien Doyon,Sigma oscillations protect or reinstate motor memory depending on their temporal coordination with slow waves.,eLife,10.7554/eLife.73930,35726850,2022-06-22,True,gold,publishedVersion,https://doi.org/10.7554/elife.73930
Recai Yilmaz; Nicole Ledwos; Robin Sawaya; Alexander Winkler-Schwartz; Nykan Mirchi; Vincent Bissonnette; Ali M Fazlollahi; Mohamad Bakhaidar; Ahmad Alsayegh; Rolando Del Maestro,Nondominant Hand Skills Spatial and Psychomotor Analysis During a Complex Virtual Reality Neurosurgical Task-A Case Series Study.,Operative neurosurgery (Hagerstown[comma] Md.),10.1227/ons.0000000000000232,35726926,2022-06-22,False,closed,none,none
Katie M Lavigne,Normal-range verbal memory in the first-episode of psychosis: Clinical and functional outcomes across 24 months and impact of estimated verbal memory decrement.,Schizophrenia research,10.1016/j.schres.2022.06.007,35728419,2022-06-22,False,closed,none,none
Angela Genge,Analysis of the US Safety Data for Edaravone (Radicava,Drugs in R&D,10.1007/s40268-022-00391-6,35723868,2022-06-21,True,gold,publishedVersion,https://link.springer.com/content/pdf/10.1007/s40268-022-00391-6.pdf
John D Lewis; Vladimir S Fonov; D Louis Collins,Allometry in the corpus callosum in neonates: Sexual dimorphism.,Human brain mapping,10.1002/hbm.25977,35722945,2022-06-21,True,gold,publishedVersion,https://onlinelibrary.wiley.com/doi/pdfdirect/10.1002/hbm.25977
Armin Bayati; Peter S McPherson,Host Kinase CSNK2 is a Target for Inhibition of Pathogenic SARS-like β-Coronaviruses.,ACS chemical biology,10.1021/acschembio.2c00378,35723434,2022-06-21,False,closed,none,none
Mario Bogdanov; Madeleine Sharp,Dopaminergic medication increases motivation to exert cognitive control by reducing subjective effort costs in Parkinson's patients.,Neurobiology of learning and memory,10.1016/j.nlm.2022.107652,35724812,2022-06-21,True,green,submittedVersion,https://doi.org/10.1101/2022.02.07.22270623
Maxime Lévesque; Siyan Wang; Massimo Avoli,Bilateral optogenetic activation of inhibitory cells favors ictogenesis.,Neurobiology of disease,10.1016/j.nbd.2022.105794,35718264,2022-06-20,True,gold,publishedVersion,https://doi.org/10.1016/j.nbd.2022.105794
Etienne St-Onge; D Louis Collins,Fast Streamline Search: An Exact Technique for Diffusion MRI Tractography.,Neuroinformatics,10.1007/s12021-022-09590-7,35716314,2022-06-19,True,hybrid,publishedVersion,https://link.springer.com/content/pdf/10.1007/s12021-022-09590-7.pdf
Hugh J McMillan,Onasemnogene abeparvovec for presymptomatic infants with three copies of SMN2 at risk for spinal muscular atrophy: the Phase III SPR1NT trial.,Nature medicine,10.1038/s41591-022-01867-3,35715567,2022-06-18,True,hybrid,publishedVersion,https://www.nature.com/articles/s41591-022-01867-3.pdf
Leonard A Levin,Regenerative and restorative medicine for eye disease.,Nature medicine,10.1038/s41591-022-01862-8,35715505,2022-06-18,False,closed,none,none
Hugh J McMillan,Onasemnogene abeparvovec for presymptomatic infants with two copies of SMN2 at risk for spinal muscular atrophy type 1: the Phase III SPR1NT trial.,Nature medicine,10.1038/s41591-022-01866-4,35715566,2022-06-18,True,hybrid,publishedVersion,https://www.nature.com/articles/s41591-022-01866-4.pdf
Emile Dimas; Ross D Markello; Alain Dagher; Bratislav Mišić; Danilo Bzdok,Pattern learning reveals brain asymmetry to be linked to socioeconomic status.,Cerebral cortex communications,10.1093/texcom/tgac020,35702547,2022-06-16,True,gold,publishedVersion,https://academic.oup.com/cercorcomms/article-pdf/3/2/tgac020/44024261/tgac020.pdf
Andrea Bernasconi; Neda Bernasconi,The Role of MRI in the Treatment of Drug-Resistant Focal Epilepsy.,European neurology,10.1159/000525262,35705017,2022-06-16,True,hybrid,publishedVersion,https://www.karger.com/Article/Pdf/525262
Mohamed A Eldeeb,The Role of PTEN-L in Modulating PINK1-Parkin-Mediated Mitophagy.,Neurotoxicity research,10.1007/s12640-022-00475-w,35699891,2022-06-15,False,closed,none,none
Woojin Kang; Dominique Bédard; Philippe Huot,Quantitative determination of LY-404[comma]039[comma] a metabotropic glutamate 2/3 receptor agonist[comma] in rat plasma using chemical derivatization and HPLC-MRM/MS.,Biomedical chromatography : BMC,10.1002/bmc.5423,35684931,2022-06-11,FALSE,closed,none,none
Fulya Akçimen; Patrick A Dion; Guy A Rouleau,Progress in the genetics of RLS: the path ahead in the era of WGS.,Sleep,10.1093/sleep/zsac136,35675840,2022-06-09,TRUE,hybrid,publishedVersion,https://academic.oup.com/sleep/advance-article-pdf/doi/10.1093/sleep/zsac136/43984758/zsac136.pdf
Douglas L Arnold,Ocrelizumab reduces thalamic volume loss in patients with RMS and PPMS.,Multiple sclerosis (Houndmills[comma] Basingstoke[comma] England),10.1177/13524585221097561,35672926,2022-06-09,TRUE,hybrid,publishedVersion,https://journals.sagepub.com/doi/pdf/10.1177/13524585221097561
Jason Karamchandani; Rami Massie; Colin H Chalk; Erin O'Ferrall,Novel homozygous nonsense mutation of MLIP and compensatory alternative splicing.,NPJ genomic medicine,10.1038/s41525-022-00307-y,35672413,2022-06-08,TRUE,gold,publishedVersion,https://www.nature.com/articles/s41525-022-00307-y.pdf
Étienne de Villers-Sidani,Developmental Exposure to Bisphenol a Degrades Auditory Cortical Processing in Rats.,Neuroscience bulletin,10.1007/s12264-022-00891-0,35670954,2022-06-08,FALSE,closed,none,none
Andrea L Benedet; Tharick A Pascoal; Mira Chamoun; Pedro Rosa-Neto,Quantification of SNAP-25 with mass spectrometry and Simoa: a method comparison in Alzheimer's disease.,Alzheimer's research & therapy,10.1186/s13195-022-01021-8,35659284,2022-06-07,TRUE,gold,publishedVersion,https://alzres.biomedcentral.com/track/pdf/10.1186/s13195-022-01021-8
Danilo Bzdok,Population variation in social brain morphology: links to socioeconomic status and health disparity.,Social neuroscience,10.1080/17470919.2022.2083230,35658811,2022-06-07,FALSE,closed,none,none
Danilo Bzdok,Interacting brains revisited: A cross-brain network neuroscience perspective.,Human brain mapping,10.1002/hbm.25966,35661477,2022-06-07,TRUE,gold,publishedVersion,https://onlinelibrary.wiley.com/doi/pdfdirect/10.1002/hbm.25966
Edward S Ruthazer,Editorial: Shedding Light on the Nervous System: Progress in Neurophotonics Research.,Frontiers in neural circuits,10.3389/fncir.2022.901376,35664457,2022-06-07,TRUE,gold,publishedVersion,https://www.frontiersin.org/articles/10.3389/fncir.2022.901376/pdf
Allison A Dilliott,Targeted copy number variant identification across the neurodegenerative disease spectrum.,Molecular genetics & genomic medicine,10.1002/mgg3.1986,35666053,2022-06-07,FALSE,closed,none,none
Sue-Jin Lin; Tobias R Baumeister; Christophe Lenglos; Yasser Iturria-Medina,Neuroimaging signatures predicting motor improvement to focused ultrasound subthalamotomy in Parkinson's disease.,NPJ Parkinson's disease,10.1038/s41531-022-00332-9,35665753,2022-06-07,TRUE,gold,publishedVersion,https://www.nature.com/articles/s41531-022-00332-9.pdf
Andrea Bernasconi; Neda Bernasconi; Boris Bernhardt; Lorenzo Caciagli; Benoit Caldairou; Sara Larivière,Event-based modelling in temporal lobe epilepsy demonstrates progressive atrophy from cross-sectional data.,Epilepsia,10.1111/epi.17316,35656586,2022-06-04,FALSE,closed,none,none
Zhen-Qi Liu; Bertha Vázquez-Rodríguez; R Nathan Spreng; Boris C Bernhardt; Bratislav Misic,Time-resolved structure-function coupling in brain networks.,Communications biology,10.1038/s42003-022-03466-x,35654886,2022-06-03,TRUE,gold,publishedVersion,https://www.nature.com/articles/s42003-022-03466-x.pdf
Mayada Elsabbagh,Early predictors of language skills at 3 years of age vary based on diagnostic outcome: A baby siblings research consortium study.,Autism research : official journal of the International Society for Autism Research,10.1002/aur.2760,35652157,2022-06-03,FALSE,closed,none,none
Mehrdad A Estiar; Ziv Gan-Or; Guy A Rouleau; Rami Massie,RABENOSYN separation-of-function mutations uncouple endosomal recycling from lysosomal degradation[comma] causing a distinct Mendelian Disorder.,Human molecular genetics,10.1093/hmg/ddac120,35652444,2022-06-03,FALSE,closed,none,none
B Frauscher,Interictal sleep recordings during presurgical evaluation: Bidirectional perspectives on sleep related network functioning.,Revue neurologique,10.1016/j.neurol.2022.03.011,35654611,2022-06-03,FALSE,closed,none,none
Sylvia Villeneuve,Tau PET Imaging in Neurodegenerative Disorders.,Journal of nuclear medicine : official publication[comma] Society of Nuclear Medicine,10.2967/jnumed.121.263196,35649647,2022-06-02,FALSE,closed,none,none
Douglas L Arnold,Siponimod vs placebo in active secondary progressive multiple sclerosis: a post hoc analysis from the phase 3 EXPAND study.,Journal of neurology,10.1007/s00415-022-11166-z,35639197,2022-06-01,TRUE,hybrid,publishedVersion,https://link.springer.com/content/pdf/10.1007/s00415-022-11166-z.pdf
Oualid Benkarim; Casey Paquola; Bo-Yong Park; Jessica Royer; Raúl Rodríguez-Cruces; Reinder Vos de Wael; Bratislav Misic; Boris C Bernhardt,A Riemannian approach to predicting brain function from the structural connectome.,NeuroImage,10.1016/j.neuroimage.2022.119299,35636736,2022-06-01,TRUE,gold,publishedVersion,https://doi.org/10.1016/j.neuroimage.2022.119299
Bratislav Mišić,Null models in network neuroscience.,Nature reviews. Neuroscience,10.1038/s41583-022-00601-9,35641793,2022-06-01,FALSE,closed,none,none
Simon Ducharme,Automated Detection of Brain Metastases on T1-Weighted MRI Using a Convolutional Neural Network: Impact of Volume Aware Loss and Sampling Strategy.,Journal of magnetic resonance imaging : JMRI,10.1002/jmri.28274,35624544,2022-05-29,FALSE,closed,none,none
Michael Petrides,Splenial Callosal Disconnection in Right Hemianopic Patients Induces Right Visual-Spatial Neglect.,Brain sciences,10.3390/brainsci12050640,35625026,2022-05-29,TRUE,gold,publishedVersion,https://www.mdpi.com/2076-3425/12/5/640/pdf?version=1652424560
Barbara Morquette; Alyson E Fournier,Self-delivering RNAi compounds as therapeutic agents in the central nervous system to enhance axonal regeneration after injury.,iScience,10.1016/j.isci.2022.104379,35620420,2022-05-28,TRUE,green,publishedVersion,https://www.ncbi.nlm.nih.gov/pmc/articles/PMC9127586
Matthew R Krause; Pedro G Vieira; Christopher C Pack,Brain stimulation competes with ongoing oscillations for control of spike timing in the primate brain.,PLoS biology,10.1371/journal.pbio.3001650,35613140,2022-05-26,TRUE,gold,publishedVersion,https://journals.plos.org/plosbiology/article/file?id=10.1371/journal.pbio.3001650&type=printable
Alexander Thiel,Intensity matters: protocol for a randomized controlled trial exercise intervention for individuals with chronic stroke.,Trials,10.1186/s13063-022-06359-w,35610659,2022-05-25,TRUE,gold,publishedVersion,https://trialsjournal.biomedcentral.com/track/pdf/10.1186/s13063-022-06359-w
Elizabeth Levitis; Jacob W Vogel; Thomas Funck; Yasser Iturria-Medina; Alan C Evans,Differentiating amyloid beta spread in autosomal dominant and sporadic Alzheimer's disease.,Brain communications,10.1093/braincomms/fcac085,35602652,2022-05-24,TRUE,gold,publishedVersion,https://academic.oup.com/braincomms/article-pdf/4/3/fcac085/43752424/fcac085.pdf
Andrea Soumbasis; Mohamed A Eldeeb; Cornelia E Zorca,DEPhosphorylation TArgeting Chimaera (DEPTAC): Targeting Tau Proteins in Tauopathies.,Current protein & peptide science,10.2174/1389203723666220519154229,35598241,2022-05-23,FALSE,closed,none,none
Yezhou Wang; Jessica Royer; Bo-Yong Park; Reinder Vos de Wael; Sara Larivière; Shahin Tavakol; Raul Rodriguez-Cruces; Casey Paquola; Alan C Evans; Boris C Bernhardt,Long-range functional connections mirror and link microarchitectural and cognitive hierarchies in the human brain.,Cerebral cortex (New York[comma] N.Y. : 1991),10.1093/cercor/bhac172,35596951,2022-05-22,FALSE,closed,none,none
Bratislav Misic; Katie M Lavigne,Sex-specific associations in verbal memory brain circuitry in early psychosis.,Journal of psychiatric research,10.1016/j.jpsychires.2022.05.006,35594601,2022-05-21,FALSE,closed,none,none
Shady Rahayel; Christina Tremblay; Andrew Vo; Bratislav Misic; Alain Dagher,Brain atrophy in prodromal synucleinopathy is shaped by structural connectivity and gene expression.,Brain : a journal of neurology,10.1093/brain/awac187,35594873,2022-05-21,TRUE,green,submittedVersion,https://doi.org/10.1101/2021.12.27.21268442
Cynthia Kwan; Philippe Huot,An overview of the active clinical trials for Parkinson's disease psychosis.,Neurodegenerative disease management,10.2217/nmt-2022-0020,35592949,2022-05-21,FALSE,closed,none,none
Ji Zhang,Unbiased proteomic analysis detects painful systemic inflammatory profile in the serum of nerve injured mice.,Pain,10.1097/j.pain.0000000000002695,35587992,2022-05-20,TRUE,hybrid,publishedVersion,https://journals.lww.com/pain/Abstract/9900/Unbiased_proteomic_analysis_detects_painful.102.aspx
Imane Frouni; Philippe Huot,Glutamate modulation for the treatment of levodopa induced dyskinesia: a brief review of the drugs tested in the clinic.,Neurodegenerative disease management,10.2217/nmt-2021-0055,35587024,2022-05-20,FALSE,closed,none,none
Alain Dagher; Danilo Bzdok,Human brain anatomy reflects separable genetic and environmental components of socioeconomic status.,Science advances,10.1126/sciadv.abm2923,35584223,2022-05-19,TRUE,green,publishedVersion,https://www.ncbi.nlm.nih.gov/pmc/articles/PMC9116589
Pedro Rosa-Neto,Blood phospho-tau in Alzheimer disease: analysis[comma] interpretation[comma] and clinical utility.,Nature reviews. Neurology,10.1038/s41582-022-00665-2,35585226,2022-05-19,FALSE,closed,none,none
Giulia Fadda; Douglas L Arnold,Serum MOG-IgG in children meeting multiple sclerosis diagnostic criteria.,Multiple sclerosis (Houndmills[comma] Basingstoke[comma] England),10.1177/13524585221093789,35581944,2022-05-19,TRUE,hybrid,publishedVersion,https://journals.sagepub.com/doi/pdf/10.1177/13524585221093789
Guido I Guberman; Alain Ptito; Danilo Bzdok,Multi-tract multi-symptom relationships in pediatric concussion.,eLife,10.7554/eLife.70450,35579325,2022-05-18,TRUE,gold,publishedVersion,https://doi.org/10.7554/elife.70450
Gaston Baslet; Selma Aybek; Simon Ducharme; Mandana Modirrousta; Timothy R Nicholson,Neuropsychiatry's Role in the Postacute Sequelae of COVID-19: Report From the American Neuropsychiatric Association Committee on Research.,The Journal of neuropsychiatry and clinical neurosciences,10.1176/appi.neuropsych.21080209,35578802,2022-05-18,FALSE,closed,none,none
Virginie Petel Légaré; Christian J Rampal; Tyler J N Gurberg; Ziyaan A Harji; Xavier Allard-Chamard; Esteban C Rodríguez; Gary A B Armstrong,Development of an endogenously myc-tagged TARDBP (TDP-43) zebrafish model using the CRISPR/Cas9 system and homology directed repair.,Comparative biochemistry and physiology. Part B[comma] Biochemistry & molecular biology,10.1016/j.cbpb.2022.110756,35580804,2022-05-18,FALSE,closed,none,none
Danilo Bzdok,Meta-matching as a simple framework to translate phenotypic predictive models from big to small data.,Nature neuroscience,10.1038/s41593-022-01059-9,35578132,2022-05-17,FALSE,closed,none,none
Jean-Baptiste Poline,Recommendations for repositories and scientific gateways from a neuroscience perspective.,Scientific data,10.1038/s41597-022-01334-1,35577825,2022-05-17,TRUE,gold,publishedVersion,https://www.nature.com/articles/s41597-022-01334-1.pdf
Mayada Elsabbagh; Afiqah Yusuf; Jinan Zeidan; Julie Scorah,The time has come for living systematic reviews in autism research.,Autism research : official journal of the International Society for Autism Research,10.1002/aur.2739,35570413,2022-05-17,FALSE,closed,none,none
Dan Spiegelman; Guy Rouleau,The Genetic and Molecular Analyses of ,Cancers,10.3390/cancers14092251,35565380,2022-05-15,TRUE,gold,publishedVersion,https://www.mdpi.com/2072-6694/14/9/2251/pdf?version=1652235679
Shanna Kousaie; Denise Klein,Age of Acquisition Modulates Alpha Power During Bilingual Speech Comprehension in Noise.,Frontiers in psychology,10.3389/fpsyg.2022.865857,35548507,2022-05-14,TRUE,gold,publishedVersion,https://www.frontiersin.org/articles/10.3389/fpsyg.2022.865857/pdf
Seok-Jun Hong; Bo-Yong Park; Oualid Benkarim; Sofie L Valk; Casey Paquola; Sara Larivière; Reinder Vos de Wael; Janie Degré-Pelletier; Boris C Bernhardt,A convergent structure-function substrate of cognitive imbalances in autism.,Cerebral cortex (New York[comma] N.Y. : 1991),10.1093/cercor/bhac156,35552620,2022-05-14,FALSE,closed,none,none
Carolina Makowski,Altered amygdala shape trajectories and emotion recognition in youth at familial high risk of schizophrenia who develop psychosis.,Translational psychiatry,10.1038/s41398-022-01957-3,35562339,2022-05-14,TRUE,gold,publishedVersion,https://www.nature.com/articles/s41398-022-01957-3.pdf
Mahdieh Tabatabaei; Marie-Noëlle Boivin; Lydiane Gaborieau; Jason Karamchandani; Edward A Fon,Generation of homozygous PRKN[comma] PINK1 and double PINK1/PRKN knockout cell lines from healthy induced pluripotent stem cells using CRISPR/Cas9 editing.,Stem cell research,10.1016/j.scr.2022.102806,35561458,2022-05-14,TRUE,gold,publishedVersion,https://doi.org/10.1016/j.scr.2022.102806
Jean-Francois Cloutier,Transsynaptic cerebellin 4-neogenin 1 signaling mediates LTP in the mouse dentate gyrus.,Proceedings of the National Academy of Sciences of the United States of America,10.1073/pnas.2123421119,35544694,2022-05-12,FALSE,closed,none,none
Alain Ptito,CARE frailty e-health scale: Association with incident adverse health outcomes and comparison with the Cardiovascular Health Study frailty scale in the NuAge cohort.,Maturitas,10.1016/j.maturitas.2022.04.006,35537241,2022-05-11,DOI not found by Unpaywall., , , 
Casey Paquola; Bo-Yong Park; Reinder Vos de Wael; Jessica Royer; Boris C Bernhardt,Genetic and phylogenetic uncoupling of structure and function in human transmodal cortex.,Nature communications,10.1038/s41467-022-29886-1,35534454,2022-05-10,TRUE,gold,publishedVersion,https://www.nature.com/articles/s41467-022-29886-1.pdf
Houssem-Eddine Gueziri; Miltiadis Georgiopoulos; Carlo Santaguida; D Louis Collins,Ultrasound-based navigated pedicle screw insertion without intraoperative radiation: feasibility study on porcine cadavers.,The spine journal : official journal of the North American Spine Society,10.1016/j.spinee.2022.04.014,35523390,2022-05-07,FALSE,closed,none,none
Bennett A Csorba; Matthew R Krause; Christopher C Pack,Long-range cortical synchronization supports abrupt visual learning.,Current biology : CB,10.1016/j.cub.2022.04.029,35523181,2022-05-07,FALSE,closed,none,none
Paule-Joanne Toussaint,Microscopy-BIDS: An Extension to the Brain Imaging Data Structure for Microscopy Data.,Frontiers in neuroscience,10.3389/fnins.2022.871228,35516811,2022-05-07,TRUE,gold,publishedVersion,https://www.frontiersin.org/articles/10.3389/fnins.2022.871228/pdf
Kevin Petrecca,Phase 3 Trial of Chemoradiotherapy With Temozolomide Plus Nivolumab or Placebo for Newly Diagnosed Glioblastoma With Methylated MGMT Promoter.,Neuro-oncology,10.1093/neuonc/noac116,35511454,2022-05-06,FALSE,closed,none,none
Casey Paquola; Boris C Bernhardt,Disorganization of language and working memory systems in frontal versus temporal lobe epilepsy.,Brain : a journal of neurology,10.1093/brain/awac150,35511160,2022-05-06,FALSE,closed,none,none
Allison A Dilliott; Guy A Rouleau; Sali M K Farhan,Lack of association of TP73 with amyotrophic lateral sclerosis in a large cohort of cases.,Neurobiology of aging,10.1016/j.neurobiolaging.2022.04.004,35512496,2022-05-06,FALSE,closed,none,none
Robert J Zatorre,Training allows switching from limited-capacity manipulations to large-capacity perceptual processing.,Cerebral cortex (New York[comma] N.Y. : 1991),10.1093/cercor/bhac175,35511687,2022-05-06,FALSE,closed,none,none
Vladimir S Fonov; Mahsa Dadar; D Louis Collins,DARQ: Deep learning of quality control for stereotaxic registration of human brain MRI to the T1w MNI-ICBM 152 template.,NeuroImage,10.1016/j.neuroimage.2022.119266,35500807,2022-05-03,TRUE,gold,publishedVersion,https://doi.org/10.1016/j.neuroimage.2022.119266
Udunna C Anazodo,caliPER: A software for blood-free parametric Patlak mapping using PET/MRI input function.,NeuroImage,10.1016/j.neuroimage.2022.119261,35500806,2022-05-03,TRUE,gold,publishedVersion,https://doi.org/10.1016/j.neuroimage.2022.119261
Emma J MacDougall; Edward A Fon,Structural basis for feedforward control in the PINK1/Parkin pathway.,The EMBO journal,10.15252/embj.2021109460,35491809,2022-05-03,TRUE,green,submittedVersion,https://doi.org/10.1101/2021.08.16.456440
Prokopis C Prokopiou; Marie-Hélène Boudrias; Georgios D Mitsis,Modeling the Hemodynamic Response Function Using EEG-fMRI Data During Eyes-Open Resting-State Conditions and Motor Task Execution.,Brain topography,10.1007/s10548-022-00898-w,35488957,2022-05-01,FALSE,closed,none,none
Parizad Varghaei; Mehrdad A Estiar; Kheireddin Mufti; Eric Yu; Dan Spiegelman; Guy A Rouleau; Ziv Gan-Or,Genetic[comma] structural and clinical analysis of spastic paraplegia 4.,Parkinsonism & related disorders,10.1016/j.parkreldis.2022.03.019,35487127,2022-04-30,TRUE,green,submittedVersion,https://doi.org/10.1101/2021.07.20.21259482
Oualid Benkarim; Casey Paquola; Bo-Yong Park; Valeria Kebets; Reinder Vos de Wael; Jean-Baptiste Poline; Boris C Bernhardt; Danilo Bzdok,Population heterogeneity in clinical cohorts affects the predictive accuracy of brain imaging.,PLoS biology,10.1371/journal.pbio.3001627,35486643,2022-04-30,TRUE,gold,publishedVersion,https://journals.plos.org/plosbiology/article/file?id=10.1371/journal.pbio.3001627&type=printable
Birgit Frauscher,Sleep and epilepsy: A snapshot of knowledge and future research lines.,Journal of sleep research,10.1111/jsr.13622,35487880,2022-04-30,TRUE,hybrid,publishedVersion,https://onlinelibrary.wiley.com/doi/pdfdirect/10.1111/jsr.13622
Qiao-Ling Cui; Florian Pernin; Jack Antel; Jo Anne Stratton,Contact-Dependent Granzyme B-Mediated Cytotoxicity of Th17-Polarized Cells Toward Human Oligodendrocytes.,Frontiers in immunology,10.3389/fimmu.2022.850616,35479072,2022-04-29,TRUE,gold,publishedVersion,https://www.frontiersin.org/articles/10.3389/fimmu.2022.850616/pdf
Manesh Girn; Boris Bernhardt; R Nathan Spreng,Serotonergic psychedelic drugs LSD and psilocybin reduce the hierarchical differentiation of unimodal and transmodal cortex.,NeuroImage,10.1016/j.neuroimage.2022.119220,35483649,2022-04-29,TRUE,gold,publishedVersion,https://doi.org/10.1016/j.neuroimage.2022.119220
Kenneth A Myers,Genetic Generalized Epilepsy and Intrafamilial Phenotypic Variability with Distal 7q11.23 Deletion.,Child neurology open,10.1177/2329048X221093173,35481155,2022-04-29,TRUE,gold,publishedVersion,https://journals.sagepub.com/doi/pdf/10.1177/2329048X221093173
Douglas L Arnold,Comparison of switching to 6-week dosing of natalizumab versus continuing with 4-week dosing in patients with relapsing-remitting multiple sclerosis (NOVA): a randomised[comma] controlled[comma] open-label[comma] phase 3b trial.,The Lancet. Neurology,10.1016/S1474-4422(22)00143-0,35483387,2022-04-29,FALSE,closed,none,none
Chifaou Abdallah; Andreas Koupparis; Jawata Afnan; Jeffrey Alan Hall; Jean Gotman; Francois Dubeau; Nicolas von Ellenrieder; Birgit Frauscher; Eliane Kobayashi; Christophe Grova,Clinical Yield of Electromagnetic Source Imaging and Hemodynamic Responses in Epilepsy: Validation With Intracerebral Data.,Neurology,10.1212/WNL.0000000000200337,35473762,2022-04-28,FALSE,closed,none,none
Recai Yilmaz; Alexander Winkler-Schwartz; Nykan Mirchi; Aiden Reich; Sommer Christie; Dan Huy Tran; Nicole Ledwos; Ali M Fazlollahi; Carlo Santaguida; Rolando Del Maestro,Continuous monitoring of surgical bimanual expertise using deep neural networks in virtual reality simulation.,NPJ digital medicine,10.1038/s41746-022-00596-8,35473961,2022-04-28,TRUE,gold,publishedVersion,https://www.nature.com/articles/s41746-022-00596-8.pdf
Danilo Bzdok,Shared and unique brain network features predict cognitive[comma] personality[comma] and mental health scores in the ABCD study.,Nature communications,10.1038/s41467-022-29766-8,35468875,2022-04-27,TRUE,gold,publishedVersion,https://www.nature.com/articles/s41467-022-29766-8.pdf
Ziv Gan-Or; Lynne Krohn,Rapid eye movement sleep behaviour disorder: Past[comma] present[comma] and future.,Journal of sleep research,10.1111/jsr.13612,35470494,2022-04-27,TRUE,hybrid,publishedVersion,https://onlinelibrary.wiley.com/doi/pdfdirect/10.1111/jsr.13612
Mohamed A Eldeeb; Rhalena A Thomas; Armaan Fallahi; Edward A Fon,Mitochondrial quality control in health and in Parkinson's disease.,Physiological reviews,10.1152/physrev.00041.2021,35466694,2022-04-26,FALSE,closed,none,none
Gerardo Ramos-Palacios,SORL1 Polymorphisms in Mexican Patients with Alzheimer's Disease.,Genes,10.3390/genes13040587,35456392,2022-04-24,TRUE,gold,publishedVersion,https://www.mdpi.com/2073-4425/13/4/587/pdf?version=1648206236
Bratislav Mišić,Local structure-function relationships in human brain networks across the lifespan.,Nature communications,10.1038/s41467-022-29770-y,35440659,2022-04-21,TRUE,gold,publishedVersion,https://www.nature.com/articles/s41467-022-29770-y.pdf
Michael Petrides,Sulci and gyri are topological cerebral landmarks in individual subjects: a study of brain navigation during tumour resection.,The European journal of neuroscience,10.1111/ejn.15668,35441404,2022-04-21,FALSE,closed,none,none
Bratislav Misic,Metabolic and functional connectivity provide unique and complementary insights into cognition-connectome relationships.,Cerebral cortex (New York[comma] N.Y. : 1991),10.1093/cercor/bhac150,35441214,2022-04-21,FALSE,closed,none,none
Hugh J McMillan,Onasemnogene abeparvovec for the treatment of spinal muscular atrophy.,Expert opinion on biological therapy,10.1080/14712598.2022.2066471,35437095,2022-04-20,TRUE,hybrid,publishedVersion,https://www.tandfonline.com/doi/pdf/10.1080/14712598.2022.2066471?needAccess=true
Nicolás von Ellenrieder; Laure Peter-Derex; Jean Gotman; Birgit Frauscher,SleepSEEG: automatic sleep scoring using intracranial EEG recordings only.,Journal of neural engineering,10.1088/1741-2552/ac6829,35439736,2022-04-20,TRUE,hybrid,publishedVersion,https://doi.org/10.1088/1741-2552/ac6829
Kenneth A Myers,De Novo GLI3 Pathogenic Variants May Cause Hypotonia and a Range of Brain Malformations Without Skeletal Abnormalities.,Pediatric neurology,10.1016/j.pediatrneurol.2022.03.005,35436645,2022-04-19,FALSE,closed,none,none
John D Lewis; Vladimir S Fonov; D Louis Collins,Sex-specific associations between maternal pregnancy-specific anxiety and newborn amygdalar volumes - preliminary findings from the FinnBrain Birth Cohort Study.,Stress (Amsterdam[comma] Netherlands),10.1080/10253890.2022.2061347,35435124,2022-04-19,TRUE,hybrid,publishedVersion,https://www.tandfonline.com/doi/pdf/10.1080/10253890.2022.2061347?needAccess=true
Douglas L Arnold,Prognostic Value of Serum Neurofilament Light Chain for Disease Activity and Worsening in Patients With Relapsing Multiple Sclerosis: Results From the Phase 3 ASCLEPIOS I and II Trials.,Frontiers in immunology,10.3389/fimmu.2022.852563,35432382,2022-04-19,TRUE,gold,publishedVersion,https://www.frontiersin.org/articles/10.3389/fimmu.2022.852563/pdf
Boris Bernhardt,Diagnosis-informed connectivity subtyping discovers subgroups of autism with reproducible symptom profiles.,NeuroImage,10.1016/j.neuroimage.2022.119212,35430361,2022-04-18,TRUE,gold,publishedVersion,https://doi.org/10.1016/j.neuroimage.2022.119212
Leonard A Levin,A quantitative approach to the spread of variance in translational research using Monte Carlo simulation.,Scientific reports,10.1038/s41598-022-09921-3,35428790,2022-04-17,TRUE,gold,publishedVersion,https://www.nature.com/articles/s41598-022-09921-3.pdf
Angela Genge,Randomized phase 2 study of ACE-083[comma] a muscle-promoting agent[comma] in facioscapulohumeral muscular dystrophy.,Muscle & nerve,10.1002/mus.27558,35428982,2022-04-17,FALSE,closed,none,none
Alexandre Perez-Lebel; Gaël Varoquaux; Jean-Baptiste Poline,Benchmarking missing-values approaches for predictive models on health databases.,GigaScience,10.1093/gigascience/giac013,35426912,2022-04-16,TRUE,gold,publishedVersion,https://academic.oup.com/gigascience/article-pdf/doi/10.1093/gigascience/giac013/43384549/giac013.pdf
Kaitlyn Easson,Altered resting state functional connectivity in youth with congenital heart disease operated during infancy.,PloS one,10.1371/journal.pone.0264781,35427374,2022-04-16,TRUE,gold,publishedVersion,https://journals.plos.org/plosone/article/file?id=10.1371/journal.pone.0264781&type=printable
Scott Owen; Jad Alshami; Marie-Christine Guiot; Petr Kavan; Thierry Muanza,Genomic Analysis of Tumors from Patients with Glioblastoma with Long-Term Response to Afatinib.,OncoTargets and therapy,10.2147/OTT.S346725,35422631,2022-04-16,TRUE,gold,publishedVersion,https://www.dovepress.com/getfile.php?fileID=79791
Marco Leyton,Does stimulant drug-induced sensitization occur in primates?,Journal of psychiatry & neuroscience : JPN,10.1503/jpn.220055,35418507,2022-04-15,TRUE,gold,publishedVersion,https://www.jpn.ca/content/jpn/47/2/E148.full.pdf
Hussein Bdair; Thomas A Singleton; Karen Ross; Dean Jolly; Marius Tuznik; Jean-Paul Soucy; Gassan Massarweh; David A Rudko; Pedro Rosa-Neto; Alexey Kostikov,Radiosynthesis and ,ACS chemical neuroscience,10.1021/acschemneuro.1c00678,35420022,2022-04-15,FALSE,closed,none,none
François Dubeau,A brain atlas of axonal and synaptic delays based on modelling of cortico-cortical evoked potentials.,Brain : a journal of neurology,10.1093/brain/awab362,35416942,2022-04-14,TRUE,green,publishedVersion,https://hal.sorbonne-universite.fr/hal-03457509/file/awab362.pdf
Cornelia E Zorca; Armaan Fallahi; Sophie Luo; Mohamed A Eldeeb,Multifaceted targeted protein degradation systems for different cellular compartments.,BioEssays : news and reviews in molecular[comma] cellular and developmental biology,10.1002/bies.202200008,35417040,2022-04-14,FALSE,closed,none,none
Charles P Couturier; Javad Nadaf; Salma Baig; Gabriele Riva; Phuong Le; Andriniaina Nkili Meyong; Redouane Allache; Theresa Degenhard; Mariam Al-Rashid; Marie-Christine Guiot; Kevin Petrecca,Glioblastoma scRNAseq Shows Treatment-induced[comma] Immune-dependent Rise In Mesenchymal Cancer Cells[comma] and Structural Variants in Distal Neural Stem Cells.,Neuro-oncology,10.1093/neuonc/noac085,35416251,2022-04-14,FALSE,closed,none,none
Kaitlyn Easson; Marie Brossard-Racine,Altered myelination in youth born with congenital heart disease.,Human brain mapping,10.1002/hbm.25866,35411995,2022-04-13,FALSE,closed,none,none
Filip Morys,Food-Specific Inhibition Training for Food Devaluation: A Meta-Analysis.,Nutrients,10.3390/nu14071363,35405975,2022-04-13,TRUE,gold,publishedVersion,https://www.mdpi.com/2072-6643/14/7/1363/pdf?version=1649226426
Michael Petrides,"Editorial: In Search of the Neural Underpinnings and a Functional Definition of the Elusive ""Working Memory"".",Frontiers in neurology,10.3389/fneur.2022.870063,35401407,2022-04-12,TRUE,gold,publishedVersion,https://www.frontiersin.org/articles/10.3389/fneur.2022.870063/pdf
Blake A Richards,Forgetting Enhances Episodic Control With Structured Memories.,Frontiers in computational neuroscience,10.3389/fncom.2022.757244,35399916,2022-04-12,TRUE,gold,publishedVersion,https://www.frontiersin.org/articles/10.3389/fncom.2022.757244/pdf
Jawad Melhem,COVID-19-Associated Acute Asymmetric Hemorrhagic Necrotizing Encephalopathy: A Case Report.,The Neurohospitalist,10.1177/19418744211055360,35401914,2022-04-12,TRUE,bronze,publishedVersion,https://journals.sagepub.com/doi/pdf/10.1177/19418744211055360
Xin-Kang Tong; Jessika Royea; Edith Hamel,Simvastatin rescues memory and granule cell maturation through the Wnt/β-catenin signaling pathway in a mouse model of Alzheimer's disease.,Cell death & disease,10.1038/s41419-022-04784-y,35397630,2022-04-11,TRUE,gold,publishedVersion,https://www.nature.com/articles/s41419-022-04784-y.pdf
Marco Leyton,Do stimulant medications produce sensitization in humans?,Neuroscience and biobehavioral reviews,10.1016/j.neubiorev.2022.104657,35398453,2022-04-11,FALSE,closed,none,none
Aini Ismafairus Abd Hamid; Alan C Evans; Faruque Reza; Hazim Omar; Jafri Malin Abdullah; Mohd Faizal Mohd Zulkifly; Jorge F Bosch-Bayard,Harmonized-Multinational qEEG norms (HarMNqEEG).,NeuroImage,10.1016/j.neuroimage.2022.119190,35398285,2022-04-11,TRUE,gold,publishedVersion,https://doi.org/10.1016/j.neuroimage.2022.119190
J F Bosch-Bayard; J D Lewis; R D Markello; B Misic; L Vasung,Brain charts for the human lifespan.,Nature,10.1038/s41586-022-04554-y,35388223,2022-04-08,TRUE,hybrid,publishedVersion,https://www.nature.com/articles/s41586-022-04554-y.pdf
Kristina Drudik; Veronika Zlatkina; Michael Petrides,Morphological patterns and spatial probability maps of the superior parietal sulcus in the human brain.,Cerebral cortex (New York[comma] N.Y. : 1991),10.1093/cercor/bhac132,35388402,2022-04-08,FALSE,closed,none,none
Sridar Narayanan; Douglas L Arnold,Patterns of white and gray structural abnormality associated with paediatric demyelinating disorders.,NeuroImage. Clinical,10.1016/j.nicl.2022.103001,35381508,2022-04-06,TRUE,gold,publishedVersion,https://doi.org/10.1016/j.nicl.2022.103001
Douglas L Arnold,Long-term efficacy and safety of siponimod in patients with secondary progressive multiple sclerosis: Analysis of EXPAND core and extension data up to >5 years.,Multiple sclerosis (Houndmills[comma] Basingstoke[comma] England),10.1177/13524585221083194,35380078,2022-04-06,FALSE,closed,none,none
Simon Ducharme,Development of a sensitive trial-ready poly(GP) CSF biomarker assay for ,Journal of neurology[comma] neurosurgery[comma] and psychiatry,10.1136/jnnp-2021-328710,35379698,2022-04-06,TRUE,hybrid,publishedVersion,https://jnnp.bmj.com/content/jnnp/early/2022/04/03/jnnp-2021-328710.full.pdf
Kristiana Salmon,Predictive genetic testing for Motor neuron disease: time for a guideline?,European journal of human genetics : EJHG,10.1038/s41431-022-01093-y,35379930,2022-04-06,TRUE,hybrid,publishedVersion,https://www.nature.com/articles/s41431-022-01093-y.pdf
Douglas L Arnold,Effects of Dimethyl Fumarate on Brain Atrophy in Relapsing-Remitting Multiple Sclerosis: Pooled Analysis Phase 3 DEFINE and CONFIRM Studies.,Frontiers in neurology,10.3389/fneur.2022.809273,35370887,2022-04-05,TRUE,gold,publishedVersion,https://www.frontiersin.org/articles/10.3389/fneur.2022.809273/pdf
Aaron D Johnstone,Mitochondrial Reactive Oxygen Species Mediate Activation of TRPV1 and Calcium Entry Following Peripheral Sensory Axotomy.,Frontiers in molecular neuroscience,10.3389/fnmol.2022.852181,35370552,2022-04-05,TRUE,gold,publishedVersion,https://www.frontiersin.org/articles/10.3389/fnmol.2022.852181/pdf
Simon Ducharme,Sleep apnea and the risk of dementia: A systematic review and meta-analysis.,Journal of sleep research,10.1111/jsr.13589,35366021,2022-04-03,FALSE,closed,none,none
Maria delPilar Cortes Nino,Catheter-guided multilevel epidural blood patches in an adolescent boy.,Regional anesthesia and pain medicine,10.1136/rapm-2022-103487,35361696,2022-04-02,FALSE,closed,none,none
Kevin Petrecca; Marie-Christine Guiot,Spatially mapping the immune landscape of melanoma using imaging mass cytometry.,Science immunology,10.1126/sciimmunol.abi5072,35363543,2022-04-02,FALSE,closed,none,none
Christophe Lenglos; Sue-Jin Lin; Yashar Zeighami; Tobias R Baumeister; Yasser Iturria-Medina,Multivariate genomic and transcriptomic determinants of imaging-derived personalized therapeutic needs in Parkinson's disease.,Scientific reports,10.1038/s41598-022-09506-0,35361840,2022-04-02,TRUE,gold,publishedVersion,https://www.nature.com/articles/s41598-022-09506-0.pdf
Max Levinson; Sylvain Baillet,Perceptual filling-in dispels the veridicality problem of conscious perception research.,Consciousness and cognition,10.1016/j.concog.2022.103316,35358869,2022-04-01,TRUE,hybrid,publishedVersion,https://doi.org/10.1016/j.concog.2022.103316
Gloria Castaneda; Ana Lucia Fernandez Cruz; Marcus Sefranek; Yvonne H C Yau; Lesley K Fellows,Does effort-cost decision-making relate to real-world motivation in people living with HIV?,Journal of clinical and experimental neuropsychology,10.1080/13803395.2022.2058464,35356846,2022-04-01,FALSE,closed,none,none
Calwing Liao; Veikko Vuokila; Hélène Catoire; Fulya Akçimen; Jay P Ross; Cynthia V Bourassa; Patrick A Dion; Guy A Rouleau,Transcriptome-wide association study reveals increased neuronal FLT3 expression is associated with Tourette's syndrome.,Communications biology,10.1038/s42003-022-03231-0,35354918,2022-04-01,TRUE,gold,publishedVersion,https://www.nature.com/articles/s42003-022-03231-0.pdf
Soheila Samiee; Esther Florin; Philippe Albouy; Sylvain Baillet,Cross-Frequency Brain Network Dynamics Support Pitch Change Detection.,The Journal of neuroscience : the official journal of the Society for Neuroscience,10.1523/JNEUROSCI.0630-21.2022,35351829,2022-03-31,TRUE,green,publishedVersion,http://escholarship.mcgill.ca/downloads/9k41zk50k
R Nathan Spreng; Roni Setton; Elizabeth DuPre; Amber W Lockrow; Laetitia Mwilambwe-Tshilobo,Neurocognitive aging data release with behavioral[comma] structural and multi-echo functional MRI measures.,Scientific data,10.1038/s41597-022-01231-7,35351925,2022-03-31,TRUE,gold,publishedVersion,https://www.nature.com/articles/s41597-022-01231-7.pdf
Mona Omidyeganeh; Philippe Massicotte,Cytoarchitectonic Maps of the Human Metathalamus in 3D Space.,Frontiers in neuroanatomy,10.3389/fnana.2022.837485,35350721,2022-03-31,TRUE,gold,publishedVersion,https://www.frontiersin.org/articles/10.3389/fnana.2022.837485/pdf
Robert A Brown; Douglas L Arnold,Progressive retinal changes in pediatric multiple sclerosis.,Multiple sclerosis and related disorders,10.1016/j.msard.2022.103761,35349885,2022-03-30,FALSE,closed,none,none
Simon Ducharme,Anomia is present pre-symptomatically in frontotemporal dementia due to MAPT mutations.,Journal of neurology,10.1007/s00415-022-11068-0,35348856,2022-03-30,TRUE,hybrid,publishedVersion,https://link.springer.com/content/pdf/10.1007/s00415-022-11068-0.pdf
James A Desjardins; Mayada Elsabbagh,Inter-trial theta phase consistency during face processing in infants is associated with later emerging autism.,Autism research : official journal of the International Society for Autism Research,10.1002/aur.2701,35348304,2022-03-30,DOI not found by Unpaywall., , , 
Kaija Sander; Xiaoqian Chai; Elise B Barbeau; Shanna Kousaie; Michael Petrides; Denise Klein,Interhemispheric functional brain connectivity predicts new language learning success in adults.,Cerebral cortex (New York[comma] N.Y. : 1991),10.1093/cercor/bhac131,35348627,2022-03-30,FALSE,closed,none,none
Jorge Bosch-Bayard; Arielle G Rabinowitz; Alan C Evans; Pedro A Valdes-Sosa,Early protein energy malnutrition impacts life-long developmental trajectories of the sources of EEG rhythmic activity.,NeuroImage,10.1016/j.neuroimage.2022.119144,35342003,2022-03-29,TRUE,gold,publishedVersion,https://doi.org/10.1016/j.neuroimage.2022.119144
Reinder Vos de Wael; Boris Bernhardt,Individual differences in gradients of intrinsic connectivity within the semantic network relate to distinct aspects of semantic cognition.,Cortex; a journal devoted to the study of the nervous system and behavior,10.1016/j.cortex.2022.01.019,35339787,2022-03-28,FALSE,closed,none,none
Boris C Bernhardt,Distinct Functional Cortico-Striato-Thalamo-Cerebellar Networks in Genetic Generalized and Focal Epilepsies with Generalized Tonic-Clonic Seizures.,Journal of clinical medicine,10.3390/jcm11061612,35329938,2022-03-26,TRUE,gold,publishedVersion,https://doi.org/10.3390/jcm11061612
Mark D Shen; Meghan R Swanson; Jason J Wolff; Jed T Elison; Jessica B Girault; Sun Hyung Kim; Rachel G Smith; Michael M Graves; Leigh Anne H Weisenfeld; Lisa Flake; Leigh MacIntyre; Julia L Gross; Catherine A Burrows; Vladimir S Fonov; D Louis Collins; Alan C Evans; Guido Gerig; Robert C McKinstry; Juhi Pandey; Tanya St John; Lonnie Zwaigenbaum; Annette M Estes; Stephen R Dager; Robert T Schultz; Martin A Styner; Kelly N Botteron; Heather C Hazlett; Joseph Piven,Subcortical Brain Development in Autism and Fragile X Syndrome: Evidence for Dynamic[comma] Age- and Disorder-Specific Trajectories in Infancy.,The American journal of psychiatry,10.1176/appi.ajp.21090896,35331012,2022-03-26,FALSE,closed,none,none
Julie Scorah; Mandy Steiman,Project Extension for Community Health Outcomes (ECHO) Autism: A Successful Model to Increase Capacity in Community-Based Care.,Brain sciences,10.3390/brainsci12030327,35326283,2022-03-26,TRUE,gold,publishedVersion,https://www.mdpi.com/2076-3425/12/3/327/pdf?version=1646126213
Ali Khatibi; Shahabeddin Vahdat; Ovidiu Lungu; Julien Doyon,Brain-spinal cord interaction in long-term motor sequence learning in human: An fMRI study.,NeuroImage,10.1016/j.neuroimage.2022.119111,35331873,2022-03-26,TRUE,gold,publishedVersion,https://doi.org/10.1016/j.neuroimage.2022.119111
Nguyen-Vi Mohamed; Wei Yi; Meghna Mathur; Carol X Q Chen; Zhipeng You; Narges Abdian; Edward A Fon; Thomas M Durcan,An approach to measuring protein turnover in human induced pluripotent stem cell organoids by mass spectrometry.,Methods (San Diego[comma] Calif.),10.1016/j.ymeth.2022.03.011,35331912,2022-03-26,DOI not found by Unpaywall., , , 
Bo-Yong Park; Sara Larivière; Raul Rodríguez-Cruces; Jessica Royer; Shahin Tavakol; Yezhou Wang; Benoit Caldairou; Andrea Bernasconi; Neda Bernasconi; Boris C Bernhardt,Topographic divergence of atypical cortical asymmetry and atrophy patterns in temporal lobe epilepsy.,Brain : a journal of neurology,10.1093/brain/awab417,35333312,2022-03-26,TRUE,hybrid,publishedVersion,https://academic.oup.com/brain/article-pdf/145/4/1285/43811803/awab417.pdf
Simon Ducharme,Examining empathy deficits across familial forms of frontotemporal dementia within the GENFI cohort.,Cortex; a journal devoted to the study of the nervous system and behavior,10.1016/j.cortex.2022.01.012,35325762,2022-03-25,TRUE,hybrid,publishedVersion,https://doi.org/10.1016/j.cortex.2022.01.012
Boris C Bernhardt; Jessica Royer; Raúl Rodríguez-Cruces; Reinder Vos de Wael,Perceptual coupling and decoupling of the default mode network during mind-wandering and reading.,eLife,10.7554/eLife.74011,35311643,2022-03-22,TRUE,gold,publishedVersion,https://doi.org/10.7554/elife.74011
Stanley Hum,Reducing research wastage by starting off on the right foot: optimally framing the research question.,Quality of life research : an international journal of quality of life aspects of treatment[comma] care and rehabilitation,10.1007/s11136-022-03117-y,35312956,2022-03-22,FALSE,closed,none,none
Birgit Frauscher,Provocative Hyperventilation in a Patient With Stroke-Like Migraine Attacks After Radiation Therapy.,JAMA neurology,10.1001/jamaneurol.2022.0182,35311950,2022-03-22,FALSE,closed,none,none
Jean-Francois Poulin,Editorial: Dopamine Neuron Diversity in Circuits and Diseases.,Frontiers in neural circuits,10.3389/fncir.2022.856716,35310549,2022-03-22,TRUE,gold,publishedVersion,https://www.frontiersin.org/articles/10.3389/fncir.2022.856716/pdf
Katie M Lavigne; Alan C Evans,Medial temporal lobe and basal ganglia volume trajectories in persistent negative symptoms following a first episode of psychosis.,Progress in neuro-psychopharmacology & biological psychiatry,10.1016/j.pnpbp.2022.110551,35304154,2022-03-20,FALSE,closed,none,none
Peter W Donhauser; Denise Klein,Audio-Tokens: A toolbox for rating[comma] sorting and comparing audio samples in the browser.,Behavior research methods,10.3758/s13428-022-01803-w,35297013,2022-03-18,TRUE,hybrid,publishedVersion,https://link.springer.com/content/pdf/10.3758/s13428-022-01803-w.pdf
Josefina Maranzano,Multiple sclerosis cortical lesion detection with deep learning at ultra-high-field MRI.,NMR in biomedicine,10.1002/nbm.4730,35297114,2022-03-18,TRUE,green,submittedVersion,https://doi.org/10.1101/2022.03.02.22271269
Cecilia Rocha,Post-transcriptional and Post-translational Modifications of Primary Cilia: How to Fine Tune Your Neuronal Antenna.,Frontiers in cellular neuroscience,10.3389/fncel.2022.809917,35295905,2022-03-18,TRUE,gold,publishedVersion,https://doi.org/10.3389/fncel.2022.809917
Danilo Bzdok,Trips and neurotransmitters: Discovering principled patterns across 6850 hallucinogenic experiences.,Science advances,10.1126/sciadv.abl6989,35294242,2022-03-17,TRUE,green,publishedVersion,https://www.ncbi.nlm.nih.gov/pmc/articles/PMC8926331
Danilo Bzdok,Cross-ethnicity/race generalization failure of behavioral prediction from resting-state functional connectivity.,Science advances,10.1126/sciadv.abj1812,35294251,2022-03-17,TRUE,green,publishedVersion,https://orbi.uliege.be/bitstream/2268/289493/1/Li_et_al_2022_SA.pdf
Danilo Bzdok,Sex-specific lesion pattern of functional outcomes after stroke.,Brain communications,10.1093/braincomms/fcac020,35282166,2022-03-15,TRUE,gold,publishedVersion,https://academic.oup.com/braincomms/article-pdf/4/2/fcac020/42828689/fcac020.pdf
Guy A Rouleau; Dan Spiegelman,Whole-Exome Sequencing in Congenital Hypothyroidism Due to Thyroid Dysgenesis.,Thyroid : official journal of the American Thyroid Association,10.1089/thy.2021.0597,35272499,2022-03-12,TRUE,green,publishedVersion,https://www.ncbi.nlm.nih.gov/pmc/articles/PMC9145262
Alex I Wiesman,Differential impact of movement on the alpha and gamma dynamics serving visual processing.,Journal of neurophysiology,10.1152/jn.00380.2021,35264002,2022-03-11,FALSE,closed,none,none
Maurice Ptito,Deductive Reasoning and Working Memory Skills in Individuals with Blindness.,Sensors (Basel[comma] Switzerland),10.3390/s22052062,35271210,2022-03-11,TRUE,gold,publishedVersion,https://www.mdpi.com/1424-8220/22/5/2062/pdf?version=1646874969
Jean Gotman,High-frequency oscillations in scalp EEG: A systematic review of methodological choices and clinical findings.,Clinical neurophysiology : official journal of the International Federation of Clinical Neurophysiology,10.1016/j.clinph.2021.12.017,35272185,2022-03-11,TRUE,hybrid,publishedVersion,https://doi.org/10.1016/j.clinph.2021.12.017
Omid Tavassoly; Wen Luo; Esther Del Cid-Pellitero; Thomas M Durcan; Edward A Fon,A light-inducible protein clustering system for in vivo analysis of α-synuclein aggregation in Parkinson disease.,PLoS biology,10.1371/journal.pbio.3001578,35263320,2022-03-10,TRUE,gold,publishedVersion,https://journals.plos.org/plosbiology/article/file?id=10.1371/journal.pbio.3001578&type=printable
Douglas L Arnold,Effect of siponimod on magnetic resonance imaging measures of neurodegeneration and myelination in secondary progressive multiple sclerosis: Gray matter atrophy and magnetization transfer ratio analyses from the EXPAND phase 3 trial.,Multiple sclerosis (Houndmills[comma] Basingstoke[comma] England),10.1177/13524585221076717,35261318,2022-03-10,TRUE,hybrid,publishedVersion,https://journals.sagepub.com/doi/pdf/10.1177/13524585221076717
Angela Genge,Defining cognitive impairment in amyotrophic lateral sclerosis: an evaluation of empirical approaches.,Amyotrophic lateral sclerosis & frontotemporal degeneration,10.1080/21678421.2022.2039713,35253557,2022-03-08,TRUE,hybrid,publishedVersion,https://doi.org/10.1080/21678421.2022.2039713
Tariq Al-Saadi,Intracranial Hemorrhage following Spinal Surgery: A Systematic Review of a Rare Complication.,Surgery journal (New York[comma] N.Y.),10.1055/s-0042-1743525,35252567,2022-03-08,TRUE,gold,publishedVersion,https://doi.org/10.1055/s-0042-1743525
Imane Frouni; Cynthia Kwan; Sébastien Belliveau; Philippe Huot,Cognition and serotonin in Parkinson's disease.,Progress in brain research,10.1016/bs.pbr.2022.01.013,35248202,2022-03-07,FALSE,closed,none,none
Roni Setton; R Nathan Spreng,Temporal pole volume is associated with episodic autobiographical memory in healthy older adults.,Hippocampus,10.1002/hipo.23411,35247210,2022-03-06,FALSE,closed,none,none
Tariq Al-Saadi,Cerebral Venous Sinus Thrombosis in Closed Head Injury: Systematic Review and Meta-analysis.,Journal of clinical neuroscience : official journal of the Neurosurgical Society of Australasia,10.1016/j.jocn.2022.01.027,35247707,2022-03-06,FALSE,closed,none,none
Katie M Lavigne,Remote group therapies for cognitive health in schizophrenia-spectrum disorders: Feasible[comma] acceptable[comma] engaging.,Schizophrenia research. Cognition,10.1016/j.scog.2021.100230,35242604,2022-03-05,TRUE,gold,publishedVersion,https://doi.org/10.1016/j.scog.2021.100230
Jinan Zeidan; Julie Scorah; Alaa Ibrahim; Afiqah Yusuf; Mayada Elsabbagh,Global prevalence of autism: A systematic review update.,Autism research : official journal of the International Society for Autism Research,10.1002/aur.2696,35238171,2022-03-04,TRUE,hybrid,publishedVersion,https://onlinelibrary.wiley.com/doi/pdfdirect/10.1002/aur.2696
Giulia Baracchini,Reduced modulation of BOLD variability as a function of cognitive load in healthy aging.,Neurobiology of aging,10.1016/j.neurobiolaging.2022.01.010,35240490,2022-03-04,FALSE,closed,none,none
Roni Setton; Laetitia Mwilambwe-Tshilobo; Manesh Girn; Amber W Lockrow; Giulia Baracchini; Colleen Hughes; Danilo Bzdok; Bratislav Misic; Boris C Bernhardt; R Nathan Spreng,Age differences in the functional architecture of the human brain.,Cerebral cortex (New York[comma] N.Y. : 1991),10.1093/cercor/bhac056,35231927,2022-03-02,FALSE,closed,none,none
Paul S Giacomini,Safety experience with continued exposure to ofatumumab in patients with relapsing forms of multiple sclerosis for up to 3.5 years.,Multiple sclerosis (Houndmills[comma] Basingstoke[comma] England),10.1177/13524585221079731,35229668,2022-03-02,TRUE,hybrid,publishedVersion,https://journals.sagepub.com/doi/pdf/10.1177/13524585221079731
A L Lafontaine,Inflammatory markers and BDNF in obstructive sleep apnea (OSA) in Parkinson's disease (PD).,Sleep medicine,10.1016/j.sleep.2021.11.018,35228136,2022-03-02,FALSE,closed,none,none
Guy A Rouleau,Using polygenic scores and clinical data for bipolar disorder patient stratification and lithium response prediction: machine learning approach.,The British journal of psychiatry : the journal of mental science,10.1192/bjp.2022.28,35225756,2022-03-01,TRUE,hybrid,publishedVersion,https://www.cambridge.org/core/services/aop-cambridge-core/content/view/6AFF9E8BD7D3E7E086898EDB9522AAC1/S0007125022000289a.pdf/div-class-title-using-polygenic-scores-and-clinical-data-for-bipolar-disorder-patient-stratification-and-lithium-response-prediction-machine-learning-approach-div.pdf
Kristiana Salmon,ALSUntangled #64: butyrates.,Amyotrophic lateral sclerosis & frontotemporal degeneration,10.1080/21678421.2022.2045323,35225121,2022-03-01,DOI not found by Unpaywall., , , 
Bernard Brais,Reliability and validity of digital health metrics for assessing arm and hand impairments in an ataxic disorder.,Annals of clinical and translational neurology,10.1002/acn3.51493,35224896,2022-03-01,TRUE,green,publishedVersion,https://www.research-collection.ethz.ch/bitstream/20.500.11850/536717/2/AnnClinTranslNeurol-2022-Kanzler-Reliabilityandvalidityofdigitalhealthmetricsforassessingarmandhand.pdf
Walaa Alshafie; Thomas Stroh,Sample Preparation for Multicolor STED Microscopy.,Methods in molecular biology (Clifton[comma] N.J.),10.1007/978-1-0716-2051-9_15,35218544,2022-02-27,FALSE,closed,none,none
Jorge Bosch-Bayard; Alan C Evans,EEG effective connectivity during the first year of life mirrors brain synaptogenesis[comma] myelination[comma] and early right hemisphere predominance.,NeuroImage,10.1016/j.neuroimage.2022.119035,35218932,2022-02-27,TRUE,gold,publishedVersion,https://doi.org/10.1016/j.neuroimage.2022.119035
Laetitia Mwilambwe-Tshilobo; Roni Setton; Giulia Baracchini; Amber W Lockrow; R Nathan Spreng,White matter lesion load is associated with lower within- and greater between- network connectivity across older age.,Neurobiology of aging,10.1016/j.neurobiolaging.2022.01.005,35219126,2022-02-27,FALSE,closed,none,none
Robert Hopewell; Dean Jolly; Qian Ying Li; Karen Ross; I-Huang Tsai; Monica Lacatus-Samoila; Jean-Paul Soucy; Eliane Kobayashi; Pedro Rosa-Neto; Gassan Massarweh,High-yielding[comma] automated radiosynthesis of [,Journal of labelled compounds & radiopharmaceuticals,10.1002/jlcr.3968,35218059,2022-02-27,FALSE,closed,none,none
Sandra Reiter-Campeau; François Dubeau,Insular Involvement in Cases of Epilepsy Surgery Failure.,Brain sciences,10.3390/brainsci12020125,35203889,2022-02-26,TRUE,gold,publishedVersion,https://www.mdpi.com/2076-3425/12/2/125/pdf?version=1642505340
Paul S Giacomini,Safety of Fingolimod in Patients with Multiple Sclerosis Switched from Natalizumab: Results from TRANSITION-A 2-Year[comma] Multicenter[comma] Observational[comma] Cohort Study.,Brain sciences,10.3390/brainsci12020215,35203978,2022-02-26,TRUE,gold,publishedVersion,https://www.mdpi.com/2076-3425/12/2/215/pdf?version=1644562471
Mathilde Chaineau,Target 2035 - update on the quest for a probe for every protein.,RSC medicinal chemistry,10.1039/d1md00228g,35211674,2022-02-26,TRUE,hybrid,publishedVersion,https://pubs.rsc.org/en/content/articlepdf/2022/md/d1md00228g
Douglas L Arnold,Efficacy and Safety Outcomes with Diroximel Fumarate After Switching from Prior Therapies or Continuing on DRF: Results from the Phase 3 EVOLVE-MS-1 Study.,Advances in therapy,10.1007/s12325-022-02068-7,35211872,2022-02-26,TRUE,hybrid,publishedVersion,https://link.springer.com/content/pdf/10.1007/s12325-022-02068-7.pdf
Asmara Awada; Catherine Legault; Christopher C Pack,Training with optic flow stimuli promotes recovery in cortical blindness.,Restorative neurology and neuroscience,10.3233/RNN-211223,35213337,2022-02-26,FALSE,closed,none,none
Katharina Schiller; Tamir Avigdor,Monitoring Glucose Concentrations in Children with Epilepsy on a Ketogenic Diet.,Healthcare (Basel[comma] Switzerland),10.3390/healthcare10020245,35206860,2022-02-26,TRUE,gold,publishedVersion,https://www.mdpi.com/2227-9032/10/2/245/pdf?version=1643287182
Florian Pernin; Julia Luo; Qiao-Ling Cui; Manon Blain; Milton G F Fernandes; Moein Yaqubi; Jeff Hall; Jo Anne Stratton; Timothy E Kennedy; Jack P Antel,Diverse injury responses of human oligodendrocyte to mediators implicated in multiple sclerosis.,Brain : a journal of neurology,10.1093/brain/awac075,35202462,2022-02-25,FALSE,closed,none,none
Vanessa J Li; Anne Schohl; Edward S Ruthazer,Topographic map formation and the effects of NMDA receptor blockade in the developing visual system.,Proceedings of the National Academy of Sciences of the United States of America,10.1073/pnas.2107899119,35193956,2022-02-24,FALSE,closed,none,none
Patrick Dion; Jay P Ross; Guy A Rouleau,Genome-wide study of DNA methylation shows alterations in metabolic[comma] inflammatory[comma] and cholesterol pathways in ALS.,Science translational medicine,10.1126/scitranslmed.abj0264,35196023,2022-02-24,FALSE,closed,none,none
Claire Magnussen; Samir Das; Alan C Evans; Angela Genge; Yasser Iturria-Medina; Hannah Kaneb; Jason Karamchandani,CAPTURE ALS: the comprehensive analysis platform to understand[comma] remedy and eliminate ALS.,Amyotrophic lateral sclerosis & frontotemporal degeneration,10.1080/21678421.2022.2041668,35195049,2022-02-24,TRUE,hybrid,publishedVersion,https://www.tandfonline.com/doi/pdf/10.1080/21678421.2022.2041668?needAccess=true
Philippe Albouy; Zaida E Martinez-Moreno; Robert J Zatorre; Sylvain Baillet,Supramodality of neural entrainment: Rhythmic visual stimulation causally enhances auditory working memory performance.,Science advances,10.1126/sciadv.abj9782,35196074,2022-02-24,TRUE,green,publishedVersion,https://www.ncbi.nlm.nih.gov/pmc/articles/PMC8865801
Rahul Kumar; Vincent Francis; Gopinath Kulasekaran; Maleeha Khan; Gary A B Armstrong; Peter S McPherson,A cell-based GEF assay reveals new substrates for DENN domains and a role for DENND2B in primary ciliogenesis.,Science advances,10.1126/sciadv.abk3088,35196081,2022-02-24,TRUE,green,publishedVersion,https://www.ncbi.nlm.nih.gov/pmc/articles/PMC8865772
Boris C Bernhardt,Neurobehavioral and Clinical Comorbidities in Epilepsy: The Role of White Matter Network Disruption.,The Neuroscientist : a review journal bringing neurobiology[comma] neurology and psychiatry,10.1177/10738584221076133,35193421,2022-02-24,FALSE,closed,none,none
Luke M Healy; Jo Anne Stratton; Tanja Kuhlmann; Jack Antel,The role of glial cells in multiple sclerosis disease progression.,Nature reviews. Neurology,10.1038/s41582-022-00624-x,35190704,2022-02-23,FALSE,closed,none,none
Ali M Fazlollahi; Mohamad Bakhaidar; Ahmad Alsayegh; Recai Yilmaz; Alexander Winkler-Schwartz; Nykan Mirchi; Ian Langleben; Nicole Ledwos; Rolando F Del Maestro,Effect of Artificial Intelligence Tutoring vs Expert Instruction on Learning Simulated Surgical Skills Among Medical Students: A Randomized Clinical Trial.,JAMA network open,10.1001/jamanetworkopen.2021.49008,35191972,2022-02-23,TRUE,gold,publishedVersion,https://jamanetwork.com/journals/jamanetworkopen/articlepdf/2789268/fazlollahi_2022_oi_211346_1644628736.68454.pdf
Golia Shafiei; Vincent Bazinet; Mahsa Dadar; Ana L Manera; D Louis Collins; Alain Dagher; Bratislav Misic; Simon Ducharme,Network structure and transcriptomic vulnerability shape atrophy in frontotemporal dementia.,Brain : a journal of neurology,10.1093/brain/awac069,35188955,2022-02-22,TRUE,hybrid,publishedVersion,https://academic.oup.com/brain/advance-article-pdf/doi/10.1093/brain/awac069/42571001/awac069.pdf
Giulia Fadda,Cognitive function in pediatric-onset relapsing myelin oligodendrocyte glycoprotein antibody-associated disease (MOGAD).,Multiple sclerosis and related disorders,10.1016/j.msard.2022.103689,35183817,2022-02-21,TRUE,bronze,publishedVersion,http://www.msard-journal.com/article/S2211034822002048/pdf
Moein Yaqubi,Olfactory receptors contribute to progression of kidney fibrosis.,NPJ systems biology and applications,10.1038/s41540-022-00217-w,35181660,2022-02-20,TRUE,gold,publishedVersion,https://www.nature.com/articles/s41540-022-00217-w.pdf
Étienne de Villers-Sidani,Degraded cortical temporal processing in the valproic acid-induced rat model of autism.,Neuropharmacology,10.1016/j.neuropharm.2022.109000,35182575,2022-02-20,FALSE,closed,none,none
Nicholas Benfey; David Foubert; Edward S Ruthazer,Glia Regulate the Development[comma] Function[comma] and Plasticity of the Visual System From Retina to Cortex.,Frontiers in neural circuits,10.3389/fncir.2022.826664,35177968,2022-02-19,TRUE,gold,publishedVersion,https://www.frontiersin.org/articles/10.3389/fncir.2022.826664/pdf
Joseph Therriault; Tharick A Pascoal; Melissa Savard; Mira Chamoun; Firoza Lussier; Gassan Massarweh; Jean-Paul Soucy; Christine Tardif; Pedro Rosa-Neto,Association of locus coeruleus integrity with Braak stage and neuropsychiatric symptom severity in Alzheimer's disease.,Neuropsychopharmacology : official publication of the American College of Neuropsychopharmacology,10.1038/s41386-022-01293-6,35177805,2022-02-19,FALSE,closed,none,none
Clotilde Lecrux,Editorial: Involvement of Blood Brain Barrier Efficacy[comma] Neurovascular Coupling[comma] and Angiogenesis in the Healthy and Diseased Brain[comma] Volume II.,Frontiers in physiology,10.3389/fphys.2022.829901,35173632,2022-02-18,TRUE,gold,publishedVersion,https://www.frontiersin.org/articles/10.3389/fphys.2022.829901/pdf
M Dadar; Y Zeighami; J Maranzano,The PaleoArchiNeo (PAN) human brain atlas: A dataset on a standard neuroanatomical MRI template following a phylogenetic approach.,Data in brief,10.1016/j.dib.2022.107863,35169599,2022-02-17,TRUE,gold,publishedVersion,https://doi.org/10.1016/j.dib.2022.107863
Angela Genge,Validating Automatic Diadochokinesis Analysis Methods Across Dysarthria Severity and Syllable Task in Amyotrophic Lateral Sclerosis.,Journal of speech[comma] language[comma] and hearing research : JSLHR,10.1044/2021_JSLHR-21-00503,35171700,2022-02-17,FALSE,closed,none,none
Pat Korathanakhun; Jason Karamchandani; Rami Massie; Erin K O'Ferrall,Myositis with prominent B-cell aggregates causing shrinking lung syndrome in systemic lupus erythematosus: a case report.,BMC rheumatology,10.1186/s41927-021-00240-0,35168668,2022-02-17,TRUE,gold,publishedVersion,https://bmcrheumatol.biomedcentral.com/track/pdf/10.1186/s41927-021-00240-0
Jesse M Klostranec,Cerebral neurovascular embryology[comma] anatomic variations[comma] and congenital brain arteriovenous lesions.,Journal of neurointerventional surgery,10.1136/neurintsurg-2021-018607,35169032,2022-02-17,DOI not found by Unpaywall., , , 
Birgit Frauscher,Barques are generated in posterior hippocampus and phase reverse over lateral posterior hippocampal surface.,Clinical neurophysiology : official journal of the International Federation of Clinical Neurophysiology,10.1016/j.clinph.2022.01.132,35168029,2022-02-16,FALSE,closed,none,none
Douglas L Arnold,Early treatment responses to peginterferon beta-1a are associated with longer-term clinical outcomes in patients with relapsing-remitting multiple sclerosis: Subgroup analyses of ADVANCE and ATTAIN.,Multiple sclerosis and related disorders,10.1016/j.msard.2021.103367,35158473,2022-02-16,TRUE,hybrid,publishedVersion,http://www.msard-journal.com/article/S2211034821006349/pdf
Vincent Soubannier; Mathilde Chaineau; Lale Gursu; Ghazal Haghi; Anna Kristyna Franco Flores; Guy Rouleau; Thomas M Durcan; Stefano Stifani,Rapid Generation of Ventral Spinal Cord-like Astrocytes from Human iPSCs for Modeling Non-Cell Autonomous Mechanisms of Lower Motor Neuron Disease.,Cells,10.3390/cells11030399,35159209,2022-02-16,TRUE,gold,publishedVersion,https://www.mdpi.com/2073-4409/11/3/399/pdf?version=1643035528
Serge Gauthier; Pedro Rosa-Neto,Cerebrospinal fluid p-tau231 as an early indicator of emerging pathology in Alzheimer's disease.,EBioMedicine,10.1016/j.ebiom.2022.103836,35158308,2022-02-15,TRUE,gold,publishedVersion,http://www.thelancet.com/article/S2352396422000202/pdf
Boris C Bernhardt,Gradients in brain organization.,NeuroImage,10.1016/j.neuroimage.2022.118987,35151850,2022-02-14,TRUE,gold,publishedVersion,https://doi.org/10.1016/j.neuroimage.2022.118987
Vincent Soubannier; Gilles Maussion; Edward A Fon; Thomas M Durcan,FOXG1 dose tunes cell proliferation dynamics in human forebrain progenitor cells.,Stem cell reports,10.1016/j.stemcr.2022.01.010,35148845,2022-02-13,TRUE,gold,publishedVersion,http://www.cell.com/article/S2213671122000546/pdf
Moein Yaqubi; Carlo Santaguida; Ji Zhang; Luke M Healy,Single-cell RNA sequencing reveals time- and sex-specific responses of mouse spinal cord microglia to peripheral nerve injury and links ApoE to chronic pain.,Nature communications,10.1038/s41467-022-28473-8,35149686,2022-02-13,TRUE,gold,publishedVersion,https://www.nature.com/articles/s41467-022-28473-8.pdf
Guy Rouleau,Investigating the phenotypic and genetic associations between personality traits and suicidal behavior across major mental health diagnoses.,European archives of psychiatry and clinical neuroscience,10.1007/s00406-021-01366-5,35146571,2022-02-12,TRUE,hybrid,publishedVersion,https://link.springer.com/content/pdf/10.1007/s00406-021-01366-5.pdf
Thomas Vincent; Giovanni Pellegrino; Christophe Grova,Diffuse optical reconstructions of functional near infrared spectroscopy data using maximum entropy on the mean.,Scientific reports,10.1038/s41598-022-06082-1,35145148,2022-02-12,TRUE,gold,publishedVersion,https://www.nature.com/articles/s41598-022-06082-1.pdf
Josefina Maranzano; Samson Antel; Dumitru Fetco; Sridar Narayanan,Cortical lesion hotspots and association of subpial lesions with disability in multiple sclerosis.,Multiple sclerosis (Houndmills[comma] Basingstoke[comma] England),10.1177/13524585211069167,35142571,2022-02-11,FALSE,closed,none,none
Boris Bernhardt,Subtly altered topological asymmetry of brain structural covariance networks in autism spectrum disorder across 43 datasets from the ENIGMA consortium.,Molecular psychiatry,10.1038/s41380-022-01452-7,35136228,2022-02-10,TRUE,hybrid,publishedVersion,https://www.nature.com/articles/s41380-022-01452-7.pdf
Simon Ducharme,Hair cortisol change at COVID-19 pandemic onset predicts burnout among health personnel.,Psychoneuroendocrinology,10.1016/j.psyneuen.2021.105645,35134663,2022-02-09,TRUE,hybrid,publishedVersion,https://doi.org/10.1016/j.psyneuen.2021.105645
Ana L Manera; D Louis Collins; Simon Ducharme,Ventricular features as reliable differentiators between bvFTD and other dementias.,NeuroImage. Clinical,10.1016/j.nicl.2022.102947,35134704,2022-02-09,TRUE,gold,publishedVersion,https://doi.org/10.1016/j.nicl.2022.102947
Marc-André Bedard,Cholinergic system changes in Parkinson's disease: emerging therapeutic approaches.,The Lancet. Neurology,10.1016/S1474-4422(21)00377-X,35131038,2022-02-09,FALSE,closed,none,none
Marie-Christine Guiot,Neutrophil oxidative stress mediates obesity-associated vascular dysfunction and metastatic transmigration.,Nature cancer,10.1038/s43018-021-00194-9,35122017,2022-02-06,TRUE,bronze,publishedVersion,https://www.nature.com/articles/s43018-021-00194-9.pdf
Erin O'Ferrall; Jason Karamchandani; Rami Massie,Scapuloperoneal syndrome with mitochondrial DNA deletion.,Journal of the neurological sciences,10.1016/j.jns.2022.120164,35121208,2022-02-06,FALSE,closed,none,none
Jillian McCarthy; Yasser Iturria-Medina; Simon Ducharme,Data-driven staging of genetic frontotemporal dementia using multi-modal MRI.,Human brain mapping,10.1002/hbm.25727,35118777,2022-02-05,TRUE,gold,publishedVersion,https://onlinelibrary.wiley.com/doi/pdfdirect/10.1002/hbm.25727
Pik-Shan Lo; Vladimir V Rymar; Timothy E Kennedy; Abbas F Sadikot,The netrin-1 receptor DCC promotes the survival of a subpopulation of midbrain dopaminergic neurons: Relevance for ageing and Parkinson's disease.,Journal of neurochemistry,10.1111/jnc.15579,35118677,2022-02-05,TRUE,hybrid,publishedVersion,https://onlinelibrary.wiley.com/doi/pdfdirect/10.1111/jnc.15579
Nicole Ledwos; Nykan Mirchi; Recai Yilmaz; Alexander Winkler-Schwartz; Anika Sawni; Ali M Fazlollahi; Vincent Bissonnette; Rolando F Del Maestro,Assessment of learning curves on a simulated neurosurgical task using metrics selected by artificial intelligence.,Journal of neurosurgery,10.3171/2021.12.JNS211563,35120309,2022-02-05,FALSE,closed,none,none
Christopher D Rowley,Network properties of intracortical myelin associated with psychosocial functioning in bipolar I disorder.,Bipolar disorders,10.1111/bdi.13181,35114029,2022-02-04,FALSE,closed,none,none
Lesley K Fellows,Factors partitioning physical frailty in people aging with HIV: A classification and regression tree approach.,HIV medicine,10.1111/hiv.13236,35106895,2022-02-03,FALSE,closed,none,none
Roberta La Piana; Geneviève Bernard,Clinical[comma] neuroradiological[comma] and molecular characterization of patients with atypical Zellweger spectrum disorder caused by PEX16 mutations: a case series.,Neurogenetics,10.1007/s10048-022-00684-7,35106698,2022-02-03,FALSE,closed,none,none
Douglas L Arnold,How patients with multiple sclerosis acquire disability.,Brain : a journal of neurology,10.1093/brain/awac016,35104840,2022-02-02,TRUE,hybrid,publishedVersion,https://academic.oup.com/brain/advance-article-pdf/doi/10.1093/brain/awac016/42358857/awac016.pdf
Patrick A Dion; Jay P Ross; Guy A Rouleau,Author Correction: Common and rare variant association analyses in amyotrophic lateral sclerosis identify 15 risk loci with distinct genetic architectures and neuron-specific biology.,Nature genetics,10.1038/s41588-022-01020-3,35102318,2022-02-02,TRUE,hybrid,publishedVersion,https://www.nature.com/articles/s41588-022-01020-3.pdf
Mandy Steiman; Mayada Elsabbagh,Predictors of language regression and its association with subsequent communication development in children with autism.,Journal of child psychology and psychiatry[comma] and allied disciplines,10.1111/jcpp.13565,35098539,2022-02-01,TRUE,green,acceptedVersion,https://e-space.mmu.ac.uk/629231/1/Child%20Psychology%20Psychiatry%20-%202022%20-%20Pickles%20-%20Predictors%20of%20language%20regression%20and%20its%20association%20with%20subsequent.pdf
Sylvia Villeneuve,Prevalence Estimates of Amyloid Abnormality Across the Alzheimer Disease Clinical Spectrum.,JAMA neurology,10.1001/jamaneurol.2021.5216,35099509,2022-02-01,FALSE,closed,none,none
Jessica Royer; Boris C Bernhardt; Sara Larivière,Epilepsy and brain network hubs.,Epilepsia,10.1111/epi.17171,35092011,2022-01-30,FALSE,closed,none,none
Ziv Gan-Or,Reply to: No Evidence that Glucosylsphingosine Is a Biomarker for Parkinson Disease.,Movement disorders : official journal of the Movement Disorder Society,10.1002/mds.28936,35092096,2022-01-30,FALSE,closed,none,none
Alex I Wiesman,Spatially resolved neural slowing predicts impairment and amyloid burden in Alzheimer's disease.,Brain : a journal of neurology,10.1093/brain/awab430,35088842,2022-01-29,TRUE,hybrid,publishedVersion,https://academic.oup.com/brain/advance-article-pdf/doi/10.1093/brain/awab430/42321811/awab430.pdf
Mathieu Landry,The Rubber Hand Illusion: Top-down attention modulates embodiment.,Quarterly journal of experimental psychology (2006),10.1177/17470218221078858,35073801,2022-01-26,TRUE,hybrid,publishedVersion,https://journals.sagepub.com/doi/pdf/10.1177/17470218221078858
Marie-Christin Guiot; Kevin Petrecca,Molecular features of glioblastomas in long-term survivors compared to short-term survivors-a matched-pair analysis.,Radiation oncology (London[comma] England),10.1186/s13014-022-01984-w,35073955,2022-01-26,TRUE,gold,publishedVersion,https://ro-journal.biomedcentral.com/track/pdf/10.1186/s13014-022-01984-w
Samantha Rivet; David Pellerin; Rami Massie; Liam Durcan; Marie-Christine Guiot; Stuart Lubarsky,Breakthrough of Granulomatosis with Polyangiitis-Associated CNS Vasculitis Amidst Adequate B-cell Depletion.,The Canadian journal of neurological sciences. Le journal canadien des sciences neurologiques,10.1017/cjn.2021.249,35067236,2022-01-25,FALSE,closed,none,none
Massimo Avoli,Dysregulation of GABAergic Signaling in Neurodevelomental Disorders: Targeting Cation-Chloride Co-transporters to Re-establish a Proper E/I Balance.,Frontiers in cellular neuroscience,10.3389/fncel.2021.813441,35069119,2022-01-25,TRUE,gold,publishedVersion,https://www.frontiersin.org/articles/10.3389/fncel.2021.813441/pdf
Simon Ducharme,An Automated Toolbox to Predict Single Subject Atrophy in Presymptomatic Granulin Mutation Carriers.,Journal of Alzheimer's disease : JAD,10.3233/JAD-215447,35068455,2022-01-25,TRUE,green,submittedVersion,https://discovery.ucl.ac.uk/10143987/1/Premi_et_al_GENFI6_manuscript_JAD_PDF.pdf
Yasser Iturria-Medina; Paolo Vitali; Serge Gauthier; Pedro Rosa-Neto,Impact of long- and short-range fibre depletion on the cognitive deficits of fronto-temporal dementia.,eLife,10.7554/eLife.73510,35073256,2022-01-25,TRUE,gold,publishedVersion,https://doi.org/10.7554/elife.73510
Guy Rouleau,Characterisation of age and polarity at onset in bipolar disorder.,The British journal of psychiatry : the journal of mental science,10.1192/bjp.2021.102,35048876,2022-01-21,TRUE,hybrid,publishedVersion,https://www.cambridge.org/core/services/aop-cambridge-core/content/view/DBFE4929435DBD6D75BC546201BC4BA1/S0007125021001021a.pdf/div-class-title-characterisation-of-age-and-polarity-at-onset-in-bipolar-disorder-div.pdf
Mohamed A Eldeeb,Regulation of Neurodegeneration-associated Protein Fragments by the N-degron Pathways.,Neurotoxicity research,10.1007/s12640-021-00396-0,35043375,2022-01-20,FALSE,closed,none,none
Allison A Dilliott; Sali Farhan,Genome-wide identification of the genetic basis of amyotrophic lateral sclerosis.,Neuron,10.1016/j.neuron.2021.12.019,35045337,2022-01-20,TRUE,hybrid,publishedVersion,https://doi.org/10.1016/j.neuron.2021.12.019
Jonathan D Krett; Edward A Fon; Thomas M Durcan,Selective localization of Mfn2 near PINK1 enables its preferential ubiquitination by Parkin on mitochondria.,Open biology,10.1098/rsob.210255,35042405,2022-01-20,TRUE,gold,publishedVersion,https://royalsocietypublishing.org/doi/pdf/10.1098/rsob.210255
Maiya Rachel Geddes,Resting state functional connectivity provides mechanistic predictions of future changes in sedentary behavior.,Scientific reports,10.1038/s41598-021-04738-y,35042916,2022-01-20,TRUE,gold,publishedVersion,https://www.nature.com/articles/s41598-021-04738-y.pdf
Soraya Lahlou; Ella Gabitov; Madeleine Sharp,Preserved motor memory in Parkinson's disease.,Neuropsychologia,10.1016/j.neuropsychologia.2022.108161,35041839,2022-01-19,TRUE,green,submittedVersion,https://doi.org/10.1101/2021.04.30.441882
Uku Vainik,Beyond BMI: Personality traits' associations with adiposity and metabolic rate.,Physiology & behavior,10.1016/j.physbeh.2022.113703,35031345,2022-01-16,TRUE,green,acceptedVersion,https://www.pure.ed.ac.uk/ws/files/258557082/Beyond_BMI_preprint.pdf
Marcus J Couch,Pulmonary Magnetic Resonance Imaging of Ex-preterm Children with/without Bronchopulmonary Dysplasia.,Annals of the American Thoracic Society,10.1513/AnnalsATS.202106-691OC,35030070,2022-01-15,FALSE,closed,none,none
Jean-Pierre Clément; Laila Al-Alwan; Stephen D Glasgow; Thaiany Quevedo Melo; Anouar Khayachi; Yumin Liu; Austen J Milnerwood; Timothy E Kennedy,Dendritic Polyglycerol Amine: An Enhanced Substrate to Support Long-Term Neural Cell Culture.,ASN neuro,10.1177/17590914211073276,35023760,2022-01-14,TRUE,gold,publishedVersion,https://journals.sagepub.com/doi/pdf/10.1177/17590914211073276
Sali M K Farhan,Expanding the phenotypic and molecular spectrum of NFS1-related disorders that cause functional deficiencies in mitochondrial and cytosolic iron-sulfur cluster containing enzymes.,Human mutation,10.1002/humu.24330,35026043,2022-01-14,FALSE,closed,none,none
Archita Rajasekharan; Hana Antonicka; Eric A Shoubridge,Author Correction: A proximity-dependent biotinylation map of a human cell.,Nature,10.1038/s41586-021-04308-2,35017685,2022-01-13,TRUE,bronze,publishedVersion,https://www.nature.com/articles/s41586-021-04308-2.pdf
Kristiana Salmon; Angela Genge,The importance of offering early genetic testing in everyone with amyotrophic lateral sclerosis.,Brain : a journal of neurology,10.1093/brain/awab472,35020823,2022-01-13,TRUE,hybrid,publishedVersion,https://academic.oup.com/brain/article-pdf/145/4/1207/43814347/awab472.pdf
Jean Gotman; Birgit Frauscher,Region-specific complexity of the intracranial EEG in the sleeping human brain.,Scientific reports,10.1038/s41598-021-04213-8,35013431,2022-01-12,TRUE,gold,publishedVersion,https://www.nature.com/articles/s41598-021-04213-8.pdf
Angela Genge,A Phase 1 study of GDC-0134[comma] a dual leucine zipper kinase inhibitor[comma] in ALS.,Annals of clinical and translational neurology,10.1002/acn3.51491,35014217,2022-01-12,TRUE,gold,publishedVersion,https://onlinelibrary.wiley.com/doi/pdfdirect/10.1002/acn3.51491
Kazuma Mori,Decoding peak emotional responses to music from computational acoustic and lyrical features.,Cognition,10.1016/j.cognition.2021.105010,34998244,2022-01-09,FALSE,closed,none,none
Nicholas W Kieran; Rahul Suresh; Marie-France Dorion; Adam MacDonald; Manon Blain; Dingke Wen; Shih-Chieh Fuh; Roberto J Diaz; Jo Anne Stratton; Joshua A Sonnen; Jack Antel; Luke M Healy,MicroRNA-210 regulates the metabolic and inflammatory status of primary human astrocytes.,Journal of neuroinflammation,10.1186/s12974-021-02373-y,34991629,2022-01-08,TRUE,gold,publishedVersion,https://jneuroinflammation.biomedcentral.com/track/pdf/10.1186/s12974-021-02373-y
Petr Klimes; Laure Peter-Derex; Jeff Hall; François Dubeau; Birgit Frauscher,Spatio-temporal spike dynamics predict surgical outcome in adult focal epilepsy.,Clinical neurophysiology : official journal of the International Federation of Clinical Neurophysiology,10.1016/j.clinph.2021.10.023,34991017,2022-01-07,FALSE,closed,none,none
Jack P Antel,DICAM promotes T,Science translational medicine,10.1126/scitranslmed.abj0473,34985970,2022-01-06,FALSE,closed,none,none
Calwing Liao; Charles-Etienne Castonguay; Veikko Vuokila; Miranda Medeiros; Gabrielle Houle; Fulya Akçimen; Jay P Ross; Helene Catoire; Simon L Girard; Ronald B Postuma; Geneviève Bernard; Patrick A Dion; Guy A Rouleau,Association of Essential Tremor With Novel Risk Loci: A Genome-Wide Association Study and Meta-analysis.,JAMA neurology,10.1001/jamaneurol.2021.4781,34982113,2022-01-05,TRUE,hybrid,publishedVersion,https://jamanetwork.com/journals/jamaneurology/articlepdf/2787239/jamaneurology_liao_2022_oi_210083_1644604359.06757.pdf
Najmeh Khalili-Mahani,Play the Pain: A Digital Strategy for Play-Oriented Research and Action.,Frontiers in psychiatry,10.3389/fpsyt.2021.746477,34975566,2022-01-04,TRUE,gold,publishedVersion,https://www.frontiersin.org/articles/10.3389/fpsyt.2021.746477/pdf
Michael K Yeung,A systematic review and meta-analysis of facial emotion recognition in autism spectrum disorder: The specificity of deficits and the role of task characteristics.,Neuroscience and biobehavioral reviews,10.1016/j.neubiorev.2021.104518,34974069,2022-01-03,FALSE,closed,none,none
Karina A González Otárula; Yee-Leng Tan; Jeffery A Hall; François Dubeau; Viviane Sziklas; Jean-Paul Soucy; Marie-Christine Guiot; Eliane Kobayashi,Postsurgical seizure outcome in temporal lobe epilepsy patients with normal or subtle[comma] nonspecific MRI findings.,Journal of neurosurgery,10.3171/2021.10.JNS2127,34972090,2022-01-01,FALSE,closed,none,none
Han Soo Yoo; Seun Jeon; Enrica Cavedo; MinJin Ko; Mijin Yun; Phil Hyu Lee; Young H Sohn; Michel J Grothe; Stefan Teipel; Harald Hampel; Alan C Evans; Byoung Seok Ye,Association of β-Amyloid and Basal Forebrain With Cortical Thickness and Cognition in Alzheimer and Lewy Body Disease Spectra.,Neurology,10.1212/WNL.0000000000013277,34969939,2022-01-01,FALSE,closed,none,none
Tariq Al-Saadi; Marie-Noëlle Hébert-Blouin; Kevin Petrecca,Endoscopic third ventriculostomy for VP shunt malfunction during the third trimester of pregnancy: illustrative case.,Journal of neurosurgery. Case lessons,10.3171/CASE2054,35854929,2021-01-11,True,green,publishedVersion,https://www.ncbi.nlm.nih.gov/pmc/articles/PMC9241321
